author_id,author_name,movement_type,prev_year,prev_countries,prev_publication_id,curr_year,curr_countries,curr_publication_id
A5031363132,Michael Röder,Foreign to Brazilian,2020,DE,W3134376907,2024,BR,W4391789137
A5054264208,Paolo Rech,Brazilian to Foreign,2021,BR,W3120425629,2022,IT,W4297337535
A5054264208,Paolo Rech,Foreign to Brazilian,2022,IT,W4297337535,2022,"BR, IT",W4280619532
A5054264208,Paolo Rech,Brazilian to Foreign,2022,"BR, IT",W4206193900,2022,IT,W4287848942
A5054264208,Paolo Rech,Foreign to Brazilian,2022,IT,W4287848942,2022,"BR, IT",W4287849833
A5054264208,Paolo Rech,Brazilian to Foreign,2023,"BR, IT",W4381800677,2023,IT,W4386634165
A5054264208,Paolo Rech,Foreign to Brazilian,2023,IT,W4386634165,2024,BR,W4391326596
A5043310039,Rodrigo M. Corder,Foreign to Brazilian,2023,US,W4386700253,2024,"BR, US",W4391482944
A5090542944,Gustavo C. Amaral,Brazilian to Foreign,2021,"BR, NL",W3167582015,2023,NL,W4386352797
A5090542944,Gustavo C. Amaral,Foreign to Brazilian,2023,NL,W4386352797,2023,BR,W4376873355
A5090542944,Gustavo C. Amaral,Brazilian to Foreign,2023,BR,W4376873355,2024,NL,W4391471679
A5102896507,Daniel Martin,Brazilian to Foreign,2021,"BR, CL",W3207328204,2021,CL,W3204773923
A5022634404,Juan Guillermo Lazo Lazo,Foreign to Brazilian,2023,PE,W4317433605,2024,"BR, PE",W4391253788
A5076776322,Joel J. P. C. Rodrigues,Foreign to Brazilian,2015,PT,W1482557744,2015,"BR, PT",W2344271891
A5076776322,Joel J. P. C. Rodrigues,Brazilian to Foreign,2015,"BR, PT",W2344172948,2016,PT,W1559586102
A5076776322,Joel J. P. C. Rodrigues,Foreign to Brazilian,2016,PT,W1559586102,2016,"BR, PT",W2507456656
A5076776322,Joel J. P. C. Rodrigues,Brazilian to Foreign,2016,"BR, PT, RU",W2518558027,2016,PT,W2508348232
A5076776322,Joel J. P. C. Rodrigues,Foreign to Brazilian,2016,PT,W2508348232,2016,"BR, PT",W2514524524
A5076776322,Joel J. P. C. Rodrigues,Brazilian to Foreign,2017,BR,W2739951819,2017,PT,W2755505246
A5076776322,Joel J. P. C. Rodrigues,Foreign to Brazilian,2017,PT,W2755505246,2017,"BR, PT, RU",W2771635558
A5076776322,Joel J. P. C. Rodrigues,Brazilian to Foreign,2017,"BR, PT, RU",W2784219033,2017,PT,W2898639880
A5076776322,Joel J. P. C. Rodrigues,Foreign to Brazilian,2017,PT,W2898639880,2017,"BR, PT",W2782572729
A5076776322,Joel J. P. C. Rodrigues,Brazilian to Foreign,2017,"BR, RU, SA",W2571613126,2017,PT,W2731971941
A5076776322,Joel J. P. C. Rodrigues,Foreign to Brazilian,2017,PT,W2731971941,2017,"BR, PT, RU",W2592611320
A5076776322,Joel J. P. C. Rodrigues,Brazilian to Foreign,2017,BR,W2740722358,2017,PT,W2773654769
A5076776322,Joel J. P. C. Rodrigues,Foreign to Brazilian,2017,PT,W2773654769,2017,"BR, PT, RU",W2688051750
A5076776322,Joel J. P. C. Rodrigues,Brazilian to Foreign,2018,BR,W2891071042,2018,PT,W2917459529
A5076776322,Joel J. P. C. Rodrigues,Foreign to Brazilian,2018,PT,W2917459529,2018,BR,W2916473510
A5076776322,Joel J. P. C. Rodrigues,Brazilian to Foreign,2018,BR,W2885118709,2018,PT,W2815417070
A5076776322,Joel J. P. C. Rodrigues,Foreign to Brazilian,2018,PT,W2815417070,2018,"BR, PT",W2900959021
A5076776322,Joel J. P. C. Rodrigues,Brazilian to Foreign,2018,"BR, PT",W2890436618,2018,PT,W2810550035
A5076776322,Joel J. P. C. Rodrigues,Foreign to Brazilian,2018,PT,W2810550035,2018,"BR, PT, RU",W2787444476
A5076776322,Joel J. P. C. Rodrigues,Brazilian to Foreign,2018,"BR, PT, RU, SA",W2784792583,2018,PT,W2902188326
A5076776322,Joel J. P. C. Rodrigues,Foreign to Brazilian,2018,PT,W2902188326,2018,"BR, PT, RU",W2888966007
A5076776322,Joel J. P. C. Rodrigues,Brazilian to Foreign,2018,"BR, US",W2851625681,2018,PT,W2898635601
A5076776322,Joel J. P. C. Rodrigues,Foreign to Brazilian,2018,PT,W2898635601,2018,BR,W2896228763
A5076776322,Joel J. P. C. Rodrigues,Brazilian to Foreign,2018,"BR, PT, RU",W2785346526,2018,PT,W2800951337
A5076776322,Joel J. P. C. Rodrigues,Foreign to Brazilian,2018,PT,W2800951337,2018,"BR, PT",W2891686988
A5076776322,Joel J. P. C. Rodrigues,Brazilian to Foreign,2019,BR,W2982382772,2019,"PT, RU",W2909426301
A5076776322,Joel J. P. C. Rodrigues,Foreign to Brazilian,2019,"PT, RU",W2909426301,2019,"BR, PT, SA",W2915566824
A5076776322,Joel J. P. C. Rodrigues,Brazilian to Foreign,2019,BR,W2965486389,2020,DZ,W3090449186
A5076776322,Joel J. P. C. Rodrigues,Foreign to Brazilian,2020,DZ,W3090449186,2020,"BR, PT",W3117458838
A5076776322,Joel J. P. C. Rodrigues,Brazilian to Foreign,2020,"BR, PT",W2997080176,2020,"PT, SA",W3008249743
A5076776322,Joel J. P. C. Rodrigues,Foreign to Brazilian,2020,"PT, SA",W3008249743,2020,"BR, PT, RU",W3080202253
A5076776322,Joel J. P. C. Rodrigues,Brazilian to Foreign,2020,BR,W3113700694,2020,SA,W3045884031
A5076776322,Joel J. P. C. Rodrigues,Foreign to Brazilian,2020,"PT, SA",W3014501349,2020,"BR, PT",W2999570691
A5076776322,Joel J. P. C. Rodrigues,Brazilian to Foreign,2021,BR,W3192723027,2021,PT,W3190440955
A5076776322,Joel J. P. C. Rodrigues,Foreign to Brazilian,2021,PT,W3190440955,2021,"BR, PT",W3162481070
A5076776322,Joel J. P. C. Rodrigues,Brazilian to Foreign,2021,BR,W3213280632,2021,PT,W3157758310
A5076776322,Joel J. P. C. Rodrigues,Foreign to Brazilian,2021,PT,W3157758310,2021,"BR, PT",W3217507477
A5076776322,Joel J. P. C. Rodrigues,Brazilian to Foreign,2021,"BR, PT",W3189004629,2022,PT,W4205595354
A5076776322,Joel J. P. C. Rodrigues,Foreign to Brazilian,2022,CN,W4285213141,2022,BR,W4212964970
A5076776322,Joel J. P. C. Rodrigues,Brazilian to Foreign,2022,BR,W4212964970,2022,CN,W4285506366
A5076776322,Joel J. P. C. Rodrigues,Foreign to Brazilian,2022,CN,W4285506366,2022,"BR, CN, PT",W4308988646
A5076776322,Joel J. P. C. Rodrigues,Brazilian to Foreign,2022,BR,W4212772388,2022,"CN, PT",W4225274938
A5076776322,Joel J. P. C. Rodrigues,Foreign to Brazilian,2022,"CN, PT",W4225274938,2022,BR,W4308043708
A5076776322,Joel J. P. C. Rodrigues,Brazilian to Foreign,2022,BR,W4312887264,2023,PT,W4385408421
A5076776322,Joel J. P. C. Rodrigues,Foreign to Brazilian,2023,PT,W4385408421,2024,BR,W4391528333
A5093671935,Caroline Brandão Brito,Brazilian to Foreign,2024,BR,W4390942155,2024,UY,W4390709120
A5004613188,Marcelo Carneiro,Brazilian to Foreign,2024,"BR, GB",W4390933762,2024,PT,W4400398102
A5019275328,Gabriela Marcellino de Melo Lanzoni,Foreign to Brazilian,2016,PT,W2583443607,2016,BR,W2509560412
A5009301495,Harish Shrivastava,Brazilian to Foreign,2021,BR,W3135720560,2024,IN,W4390787514
A5026365458,Vinicius Grilo,Brazilian to Foreign,2023,BR,W4367294077,2024,PT,W4390879644
A5033620133,João Braun,Brazilian to Foreign,2019,BR,W2968133620,2023,PT,W4386953115
A5054089208,Maristela Holanda,Brazilian to Foreign,2023,"BR, US",W4390621496,2023,US,W4387362983
A5054089208,Maristela Holanda,Foreign to Brazilian,2023,US,W4387362983,2024,"BR, US",W4391601595
A5045204301,Dilma Da Silva,Brazilian to Foreign,2020,BR,W3112318120,2021,US,W4206435438
A5045204301,Dilma Da Silva,Foreign to Brazilian,2023,US,W4390621496,2024,"BR, US",W4391601595
A5045204301,Dilma Da Silva,Brazilian to Foreign,2024,"BR, US",W4391601595,2024,US,W4396981147
A5059362886,Frédéric Valentin,Brazilian to Foreign,2018,BR,W2555565603,2019,FR,W2946946244
A5059362886,Frédéric Valentin,Foreign to Brazilian,2019,FR,W2946946244,2019,BR,W2995453962
A5059362886,Frédéric Valentin,Brazilian to Foreign,2022,"BR, FR",W4292941884,2023,FR,W3010983162
A5059362886,Frédéric Valentin,Foreign to Brazilian,2023,FR,W3010983162,2023,"BR, FR",W4323273672
A5025341409,Alex E. Bernardini,Brazilian to Foreign,2018,BR,W3104631351,2018,PT,W2782470281
A5025341409,Alex E. Bernardini,Foreign to Brazilian,2018,PT,W2782470281,2018,BR,W2782261561
A5049553375,Samir Kanaan Nabhan,Foreign to Brazilian,2017,FR,W2590454538,2024,BR,W4391614297
A5070629635,Silvio Jamil F. Guimarães,Brazilian to Foreign,2015,BR,W1250581112,2016,FR,W2579330182
A5070629635,Silvio Jamil F. Guimarães,Foreign to Brazilian,2016,FR,W2579330182,2016,BR,W2364255476
A5070629635,Silvio Jamil F. Guimarães,Brazilian to Foreign,2017,BR,W2794415434,2018,FR,W2907102629
A5070629635,Silvio Jamil F. Guimarães,Foreign to Brazilian,2018,FR,W2907102629,2019,BR,W2981491038
A5035133271,Iure Fé,Brazilian to Foreign,2021,BR,W3180029388,2021,PT,W3134187373
A5035133271,Iure Fé,Foreign to Brazilian,2021,PT,W3134187373,2022,BR,W4212874522
A5070735330,Luciano Agostini,Brazilian to Foreign,2018,BR,W2810628134,2018,PT,W2900904625
A5070735330,Luciano Agostini,Foreign to Brazilian,2018,PT,W2900904625,2018,BR,W2901120452
A5070735330,Luciano Agostini,Brazilian to Foreign,2018,BR,W2912737918,2018,PT,W2891732861
A5070735330,Luciano Agostini,Foreign to Brazilian,2018,PT,W2891732861,2018,BR,W2892067052
A5043147904,Anderson Rocha,Brazilian to Foreign,2017,"BR, US",W2621156800,2017,US,W2963219740
A5043147904,Anderson Rocha,Foreign to Brazilian,2017,US,W2963219740,2017,BR,W2918413273
A5040178299,Edson Borin,Brazilian to Foreign,2017,BR,W2767406404,2017,CN,W2623735841
A5040178299,Edson Borin,Foreign to Brazilian,2017,CN,W2623735841,2018,BR,W3134776827
A5023818241,Renato Lui Geh,Brazilian to Foreign,2019,BR,W3011690718,2023,US,W4388198471
A5023818241,Renato Lui Geh,Foreign to Brazilian,2023,US,W4388198471,2023,BR,W4382723310
A5023818241,Renato Lui Geh,Brazilian to Foreign,2023,BR,W4382723310,2024,US,W4403792806
A5056290966,João Victor Barbosa Alves,Foreign to Brazilian,2016,US,W2473639399,2024,BR,W4403396948
A5064422885,Javam C. Machado,Brazilian to Foreign,2021,BR,W3215831804,2021,US,W3183152505
A5064422885,Javam C. Machado,Foreign to Brazilian,2021,US,W3183152505,2021,BR,W4200550469
A5108651387,José Maria Monteiro,Brazilian to Foreign,2016,BR,W2279241154,2017,PT,W2759685565
A5108651387,José Maria Monteiro,Foreign to Brazilian,2017,PT,W2759685565,2017,BR,W2619365251
A5084920912,Nadia Nedjah,Brazilian to Foreign,2018,BR,W2808744066,2018,DZ,W2892110254
A5084920912,Nadia Nedjah,Foreign to Brazilian,2018,DZ,W2892110254,2018,BR,W2809783851
A5084920912,Nadia Nedjah,Brazilian to Foreign,2021,BR,W3196594607,2021,AU,W3138547989
A5084920912,Nadia Nedjah,Foreign to Brazilian,2021,AU,W3138547989,2021,BR,W3167876643
A5008214323,Denis Rosário,Brazilian to Foreign,2021,BR,W4205544480,2024,DE,W4406676306
A5008214323,Denis Rosário,Foreign to Brazilian,2024,DE,W4406676306,2024,BR,W4405846096
A5010180044,Christoph Sommer,Brazilian to Foreign,2022,BR,W4320067172,2022,DE,W4317418783
A5010180044,Christoph Sommer,Foreign to Brazilian,2023,DE,W4378904701,2024,BR,W4406676306
A5026805420,Lúcio H. A. Reis,Brazilian to Foreign,2021,"BR, NL",W4200124743,2022,NL,W4312691519
A5026805420,Lúcio H. A. Reis,Foreign to Brazilian,2022,NL,W4312691519,2023,BR,W4391828530
A5086934465,Marcela Tuler de Oliveira,Brazilian to Foreign,2020,"BR, NL",W3035734344,2021,NL,W3180530279
A5076412136,Diogo M. F. Mattos,Foreign to Brazilian,2015,FR,W2323665256,2015,BR,W4300858193
A5002928335,Tiago Araújo,Brazilian to Foreign,2020,BR,W3138878817,2020,PT,W3047833812
A5002928335,Tiago Araújo,Foreign to Brazilian,2020,PT,W3047833812,2021,BR,W3175460742
A5002928335,Tiago Araújo,Brazilian to Foreign,2021,BR,W3208495614,2023,PT,W4388427701
A5015267493,Alexandre X. Falcão,Brazilian to Foreign,2020,BR,W3042774330,2020,CN,W3039898277
A5015267493,Alexandre X. Falcão,Foreign to Brazilian,2020,CN,W3039898277,2020,BR,W3071429210
A5015267493,Alexandre X. Falcão,Brazilian to Foreign,2024,BR,W4403535237,2024,FR,W4403535072
A5064373853,Bernardo B. Gatto,Brazilian to Foreign,2017,BR,W2784106081,2020,JP,W3034949983
A5064373853,Bernardo B. Gatto,Foreign to Brazilian,2021,JP,W3127299742,2021,"BR, JP",W4293171283
A5064373853,Bernardo B. Gatto,Brazilian to Foreign,2022,BR,W4226206257,2024,JP,W4403535173
A5066416921,João Macedo,Foreign to Brazilian,2016,PT,W2617104394,2022,BR,W4283164137
A5085054435,Fabrí­cio Benevenuto,Brazilian to Foreign,2018,BR,W2786394921,2018,IT,W2898092020
A5085054435,Fabrí­cio Benevenuto,Foreign to Brazilian,2018,IT,W2898092020,2018,BR,W2964130029
A5072908989,Jefersson A. dos Santos,Brazilian to Foreign,2022,"BR, GB",W4308237312,2022,GB,W4313123218
A5072908989,Jefersson A. dos Santos,Foreign to Brazilian,2022,GB,W4313123218,2023,"BR, GB",W4377141473
A5072908989,Jefersson A. dos Santos,Brazilian to Foreign,2023,"BR, GB",W4377141473,2024,GB,W4403535155
A5012781859,Cláudio R. Jung,Brazilian to Foreign,2015,BR,W2400275945,2015,US,W2293143352
A5012781859,Cláudio R. Jung,Foreign to Brazilian,2015,US,W2293143352,2015,"BR, SK, US",W2293778192
A5020928137,Thiago M. Paixão,Brazilian to Foreign,2020,BR,W3091713579,2021,US,W4200347784
A5020928137,Thiago M. Paixão,Foreign to Brazilian,2021,US,W4200347784,2021,BR,W4200467101
A5020928137,Thiago M. Paixão,Brazilian to Foreign,2022,BR,W4306411238,2023,US,W4382722231
A5020928137,Thiago M. Paixão,Foreign to Brazilian,2023,US,W4382722231,2024,BR,W4403535099
A5068177643,José Augusto M. Nacif,Brazilian to Foreign,2015,BR,W1598565788,2016,CN,W2566508374
A5068177643,José Augusto M. Nacif,Foreign to Brazilian,2016,CN,W2566508374,2016,BR,W2548601258
A5056127793,Arthur F. Lorenzon,Brazilian to Foreign,2016,BR,W2577808138,2017,SK,W2769337697
A5056127793,Arthur F. Lorenzon,Foreign to Brazilian,2017,SK,W2769337697,2017,BR,W2611995383
A5081608716,Jose M. Monsalve Diaz,Foreign to Brazilian,2023,US,W4388581073,2024,BR,W4404741809
A5006338186,Rosley Anholon,Brazilian to Foreign,2023,BR,W4385481544,2023,CL,W4385066356
A5006338186,Rosley Anholon,Foreign to Brazilian,2023,CL,W4385066356,2024,BR,W4405137452
A5038720756,Daniel Aloise,Brazilian to Foreign,2016,BR,W3121763528,2017,CA,W2621856777
A5038720756,Daniel Aloise,Foreign to Brazilian,2017,CA,W2621856777,2017,"BR, CA",W2669673144
A5038720756,Daniel Aloise,Brazilian to Foreign,2017,"BR, CA",W2669673144,2018,CA,W2791919917
A5008036042,Edison Pignaton de Freitas,Foreign to Brazilian,2016,US,W2731706035,2016,BR,W2570455872
A5035624352,Everton Guimarães,Brazilian to Foreign,2016,BR,W2476774557,2018,US,W2899257757
A5035624352,Everton Guimarães,Foreign to Brazilian,2018,US,W2899257757,2018,BR,W2789489236
A5035624352,Everton Guimarães,Brazilian to Foreign,2018,"BR, US",W2898808884,2021,US,W3158486742
A5004984970,Jayme L. Szwarcfiter,Brazilian to Foreign,2015,BR,W2733891508,2015,PT,W4303077278
A5004984970,Jayme L. Szwarcfiter,Foreign to Brazilian,2015,PT,W4303077278,2016,BR,W2549449893
A5080417707,Sandra Milena Roa-Martínez,Brazilian to Foreign,2018,BR,W2941881967,2018,CO,W2900889172
A5080417707,Sandra Milena Roa-Martínez,Foreign to Brazilian,2018,CO,W2784547395,2019,BR,W2942831906
A5080417707,Sandra Milena Roa-Martínez,Brazilian to Foreign,2019,BR,W2942831906,2019,CO,W2917756229
A5042909836,Guilherme Horta Travassos,Brazilian to Foreign,2019,BR,W2981168522,2019,AU,W2979564968
A5042909836,Guilherme Horta Travassos,Foreign to Brazilian,2019,AU,W2979564968,2020,BR,W3117849981
A5015943443,A. Jorge Morais,Foreign to Brazilian,2023,PT,W4317733168,2024,"BR, PT",W4399038245
A5015943443,A. Jorge Morais,Brazilian to Foreign,2024,"BR, PT",W4399038245,2024,PT,W4400082697
A5009797190,Bruno Gadelha,Brazilian to Foreign,2021,BR,W3216550300,2021,CN,W3175778493
A5009797190,Bruno Gadelha,Foreign to Brazilian,2021,CN,W3175778493,2021,BR,W3204215301
A5055534532,Tayana Conte,Brazilian to Foreign,2021,BR,W3201768613,2021,CN,W3175778493
A5055534532,Tayana Conte,Foreign to Brazilian,2021,CN,W3175778493,2021,BR,W3160463582
A5019339892,Sı́lvio M. Duarte Queirós,Brazilian to Foreign,2022,BR,W4303184137,2023,IN,W4321351197
A5019339892,Sı́lvio M. Duarte Queirós,Foreign to Brazilian,2023,IN,W4321351197,2024,BR,W4391884965
A5052837510,Guilherme Freire Roberto,Brazilian to Foreign,2023,BR,W4385702857,2023,PT,W4390347694
A5052837510,Guilherme Freire Roberto,Foreign to Brazilian,2024,PT,W4396573268,2024,BR,W4392242501
A5052837510,Guilherme Freire Roberto,Brazilian to Foreign,2024,BR,W4392242501,2024,PT,W4393312787
A5058183984,Carlos Soares,Foreign to Brazilian,2016,PT,W2516406814,2017,"BR, PT",W3180491832
A5058183984,Carlos Soares,Brazilian to Foreign,2017,"BR, PT",W3180491832,2017,PT,W2749328462
A5058183984,Carlos Soares,Foreign to Brazilian,2018,PT,W2904093948,2018,BR,W2904395518
A5058183984,Carlos Soares,Brazilian to Foreign,2018,BR,W2904395518,2020,PT,W3035198387
A5063967621,Diana Sasaki,Foreign to Brazilian,2015,FR,W2193341409,2016,BR,W3007576270
A5036462178,Diego F. G. Coelho,Foreign to Brazilian,2021,CA,W4205700951,2022,"BR, US",W4292983121
A5022643236,Saeid Asadzadeh,Brazilian to Foreign,2020,BR,W3015839778,2023,DE,W4386886211
A5022643236,Saeid Asadzadeh,Foreign to Brazilian,2023,DE,W4386886211,2024,BR,W4394848746
A5085152446,Raul Lopes,Brazilian to Foreign,2022,"BR, FR",W3043413734,2023,FR,W4285581559
A5046257939,G Venturi,Brazilian to Foreign,2022,BR,W4287577061,2024,IT,W4391881662
A5007016189,Emmanuel John M. Carranza,Brazilian to Foreign,2018,"AU, BR, ZA",W2900503583,2019,ZA,W2921094977
A5007016189,Emmanuel John M. Carranza,Foreign to Brazilian,2023,ZA,W4385479626,2024,"BR, ES, ZA",W4391057720
A5030647281,Rodrigo Nogueira,Foreign to Brazilian,2016,US,W2304245051,2022,BR,W4288422165
A5035589519,Sávio Freire,Brazilian to Foreign,2019,BR,W2993546554,2019,ES,W3034181936
A5035589519,Sávio Freire,Foreign to Brazilian,2019,ES,W3034181936,2019,BR,W2973934913
A5025579659,Manoel Mendonça,Brazilian to Foreign,2016,BR,W3171287905,2016,US,W2498514073
A5025579659,Manoel Mendonça,Foreign to Brazilian,2016,US,W2498514073,2016,BR,W2386541338
A5068598481,Wanderson Santos de Farias,Brazilian to Foreign,2024,"BR, PT, US",W4390731035,2024,US,W4401591462
A5009239429,Mariana Macedo,Brazilian to Foreign,2018,BR,W2896845898,2018,US,W2912184983
A5009239429,Mariana Macedo,Foreign to Brazilian,2018,US,W2912184983,2018,BR,W2911493660
A5009239429,Mariana Macedo,Brazilian to Foreign,2018,BR,W2911493660,2019,GB,W2972139900
A5020064430,Marcello Messina,Brazilian to Foreign,2022,"BR, RU",W4212765909,2022,RU,W4313296016
A5020064430,Marcello Messina,Foreign to Brazilian,2022,RU,W4313296016,2023,"BR, RU",W4391094385
A5020064430,Marcello Messina,Brazilian to Foreign,2023,"BR, RU",W4391094385,2024,RU,W4398197641
A5020064430,Marcello Messina,Foreign to Brazilian,2024,RU,W4398197641,2024,"BR, RU",W4390611258
A5016608746,Anita Maria da Rocha Fernandes,Brazilian to Foreign,2021,"BR, NG",W3181322068,2021,US,W3157158696
A5016608746,Anita Maria da Rocha Fernandes,Foreign to Brazilian,2021,US,W3157158696,2021,BR,W3158329772
A5091234084,Philippe O. A. Navaux,Brazilian to Foreign,2015,BR,W2078781838,2015,US,W2056303926
A5091234084,Philippe O. A. Navaux,Foreign to Brazilian,2015,US,W2056303926,2015,BR,W2060726218
A5091234084,Philippe O. A. Navaux,Brazilian to Foreign,2016,BR,W2535509411,2017,SK,W2769337697
A5091234084,Philippe O. A. Navaux,Foreign to Brazilian,2017,SK,W2769337697,2017,BR,W2613865501
A5091234084,Philippe O. A. Navaux,Brazilian to Foreign,2018,BR,W2954337868,2018,RU,W2791224731
A5091234084,Philippe O. A. Navaux,Foreign to Brazilian,2018,RU,W2791224731,2018,BR,W2806946431
A5092508356,Danilo Gabriel Paz Sánchez,Foreign to Brazilian,2023,EC,W4385455122,2024,BR,W4394963125
A5081561770,João Paulo Biazotto,Brazilian to Foreign,2023,"BR, NL",W4389265760,2024,NL,W4399207483
A5008359300,Daniel Feitosa,Foreign to Brazilian,2015,NL,W2036049607,2017,BR,W2753192334
A5008359300,Daniel Feitosa,Brazilian to Foreign,2017,BR,W2753192334,2017,NL,W2585966308
A5069872163,Raqueline A. M. Santos,Brazilian to Foreign,2015,BR,W3099805706,2024,LV,W4396811322
A5080152569,Vivek Nigam,Brazilian to Foreign,2019,BR,W2981097654,2019,DE,W2974537243
A5080152569,Vivek Nigam,Foreign to Brazilian,2019,DE,W2974537243,2019,BR,W2972150838
A5080152569,Vivek Nigam,Brazilian to Foreign,2019,BR,W3015878040,2019,DE,W2987296943
A5080152569,Vivek Nigam,Foreign to Brazilian,2019,DE,W2987296943,2020,"BR, DE",W3010887667
A5041098914,Leandro M. Bertholdo,Brazilian to Foreign,2015,BR,W2079207212,2020,NL,W3100524729
A5041098914,Leandro M. Bertholdo,Foreign to Brazilian,2022,NL,W4310731678,2024,BR,W4403981080
A5018066081,Carine M. Rebello,Brazilian to Foreign,2023,BR,W4381491969,2024,NO,W4403774683
A5017316069,Erbet A. Costa,Brazilian to Foreign,2023,BR,W4381491969,2024,NO,W4403774683
A5101621763,Marcos Oliveira,Brazilian to Foreign,2020,BR,W4238174276,2023,GB,W4391249773
A5101621763,Marcos Oliveira,Foreign to Brazilian,2023,GB,W4391249773,2023,BR,W4385450262
A5063050171,Demóstenes Zegarra Rodríguez,Brazilian to Foreign,2023,BR,W4387486924,2024,KZ,W4403765724
A5063050171,Demóstenes Zegarra Rodríguez,Foreign to Brazilian,2024,KZ,W4403765724,2024,BR,W4401808110
A5014926009,Ítalo Cunha,Brazilian to Foreign,2015,BR,W1922859535,2016,US,W2310278244
A5014926009,Ítalo Cunha,Foreign to Brazilian,2016,US,W2310278244,2016,BR,W2430882665
A5014926009,Ítalo Cunha,Brazilian to Foreign,2017,BR,W2751521013,2017,IT,W2783266190
A5014926009,Ítalo Cunha,Foreign to Brazilian,2017,IT,W2783266190,2017,BR,W2743636887
A5045165255,Ethan Katz-Bassett,Foreign to Brazilian,2019,US,W2980982742,2019,BR,W2993887313
A5045165255,Ethan Katz-Bassett,Brazilian to Foreign,2019,BR,W2993887313,2019,US,W2989354970
A5060782998,Ewerton L. S. Oliveira,Foreign to Brazilian,2018,IT,W2793978067,2024,BR,W4404035318
A5113723340,Ahmed Patel,Foreign to Brazilian,2015,"GB, SA",W1652523751,2015,"BR, GB",W3125806596
A5113723340,Ahmed Patel,Brazilian to Foreign,2018,BR,W2886765905,2018,GB,W2901974388
A5113723340,Ahmed Patel,Foreign to Brazilian,2018,GB,W2901974388,2020,BR,W3005416630
A5086003124,Marcelo D’Agostino,Foreign to Brazilian,2021,US,W4206675936,2024,BR,W4404020446
A5061075103,Victor A. Kich,Brazilian to Foreign,2023,BR,W4389332543,2023,JP,W4389332619
A5086060194,Jair Augusto Bottega,Brazilian to Foreign,2023,BR,W4389332543,2024,JP,W4403919907
A5020504746,Ricardo Bedin Grando,Brazilian to Foreign,2022,BR,W4290648370,2022,UY,W4210643767
A5020504746,Ricardo Bedin Grando,Foreign to Brazilian,2024,UY,W4403677066,2024,"BR, US",W4405180451
A5088227569,Wesley Costa,Brazilian to Foreign,2022,BR,W4213326725,2024,NL,W4403918308
A5001574496,Ricardo Ramos,Brazilian to Foreign,2017,BR,W2780342850,2022,MX,W4311192353
A5001574496,Ricardo Ramos,Foreign to Brazilian,2022,MX,W4311192353,2023,"BR, US",W4395102011
A5065293119,Luís F. W. Góes,Brazilian to Foreign,2020,BR,W3116831358,2021,GB,W3164002614
A5039766876,João Barreto,Foreign to Brazilian,2021,PT,W3136572593,2023,BR,W4388966883
A5039766876,João Barreto,Brazilian to Foreign,2023,BR,W4388966883,2024,PT,W4403758157
A5031787326,Giancarlo Lucca,Foreign to Brazilian,2018,ES,W2890484132,2019,BR,W2972324847
A5060798467,Adriano Vogel,Brazilian to Foreign,2023,"AT, BR",W4378976822,2024,AT,W4403757888
A5048270773,Luan Teylo,Brazilian to Foreign,2023,"BR, FR",W4390342023,2024,FR,W4403757796
A5052456714,Daniel F. Macedo,Brazilian to Foreign,2018,BR,W2808651156,2018,GB,W2898835161
A5052456714,Daniel F. Macedo,Foreign to Brazilian,2018,GB,W2898835161,2018,BR,W2809949066
A5052456714,Daniel F. Macedo,Brazilian to Foreign,2023,BR,W4319878685,2023,BE,W4389313028
A5052456714,Daniel F. Macedo,Foreign to Brazilian,2023,BE,W4389313028,2024,BR,W4404953613
A5067928085,Daniel Macêdo Batista,Brazilian to Foreign,2023,BR,W4391828600,2023,"BG, CZ",W4399169257
A5067928085,Daniel Macêdo Batista,Foreign to Brazilian,2023,"BG, CZ",W4399169257,2023,BR,W4376456472
A5087638191,Patrick Louodop,Brazilian to Foreign,2017,"BR, CM",W2766819024,2019,"CM, US",W2961367151
A5087638191,Patrick Louodop,Foreign to Brazilian,2019,"CM, US",W2961367151,2019,"BR, CM",W2940082894
A5087638191,Patrick Louodop,Brazilian to Foreign,2020,"BR, CM",W3039311081,2020,CM,W3107645607
A5087638191,Patrick Louodop,Foreign to Brazilian,2022,CM,W4297359526,2023,"BR, CM",W4390277623
A5087638191,Patrick Louodop,Brazilian to Foreign,2024,"BR, CM, US",W4404919981,2024,CM,W4396709481
A5006191190,Roberto Hirata,Brazilian to Foreign,2019,BR,W2981366895,2019,PE,W2967584026
A5006191190,Roberto Hirata,Foreign to Brazilian,2019,PE,W2967584026,2020,BR,W3081544438
A5065765043,Markus Endler,Brazilian to Foreign,2018,BR,W2900469899,2018,DE,W2910077079
A5065765043,Markus Endler,Foreign to Brazilian,2018,DE,W2910077079,2018,BR,W2893041794
A5021734616,Fabrício Murai,Brazilian to Foreign,2022,BR,W4283800850,2023,US,W4386462154
A5021734616,Fabrício Murai,Foreign to Brazilian,2024,US,W4403937684,2024,BR,W4390498862
A5063749335,Eder J. Scheid,Brazilian to Foreign,2018,"BR, SK, US",W2845043612,2019,CH,W2941453955
A5063749335,Eder J. Scheid,Foreign to Brazilian,2019,CH,W4254569799,2019,BR,W2951698838
A5063749335,Eder J. Scheid,Brazilian to Foreign,2019,BR,W2951698838,2019,UA,W2910793275
A5063749335,Eder J. Scheid,Foreign to Brazilian,2022,CH,W4283067396,2023,BR,W4388488296
A5069785997,Muriel Figueredo Franco,Brazilian to Foreign,2019,BR,W2939922654,2019,CH,W2970937844
A5069785997,Muriel Figueredo Franco,Foreign to Brazilian,2019,CH,W4254569799,2019,BR,W2951698838
A5069785997,Muriel Figueredo Franco,Brazilian to Foreign,2019,BR,W2951698838,2019,UA,W2910793275
A5069785997,Muriel Figueredo Franco,Foreign to Brazilian,2019,UA,W2910793275,2020,BR,W3004653704
A5069785997,Muriel Figueredo Franco,Brazilian to Foreign,2020,BR,W4232066788,2020,CH,W3110622090
A5069785997,Muriel Figueredo Franco,Foreign to Brazilian,2022,CH,W4312648232,2023,BR,W4388488296
A5069785997,Muriel Figueredo Franco,Brazilian to Foreign,2023,BR,W4388488286,2023,CH,W4381734347
A5069785997,Muriel Figueredo Franco,Foreign to Brazilian,2023,CH,W4381734347,2023,BR,W4388488273
A5069321002,Lisandro Zambenedetti Granville,Brazilian to Foreign,2016,BR,W2345219891,2016,"SK, US",W2508910069
A5069321002,Lisandro Zambenedetti Granville,Foreign to Brazilian,2016,"SK, US",W2508910069,2016,BR,W2230441641
A5067975027,Diego Passos,Brazilian to Foreign,2021,"BR, PT",W4248922641,2022,PT,W4313524858
A5067975027,Diego Passos,Foreign to Brazilian,2022,PT,W4313524858,2022,"BR, PT",W4309770292
A5067975027,Diego Passos,Brazilian to Foreign,2022,BR,W4224212103,2022,PT,W4310173849
A5067975027,Diego Passos,Foreign to Brazilian,2023,PT,W4382248282,2023,BR,W4386207856
A5067975027,Diego Passos,Brazilian to Foreign,2023,"BR, PT",W4385978143,2024,PT,W4403937416
A5067975027,Diego Passos,Foreign to Brazilian,2024,PT,W4403937416,2024,BR,W4399325341
A5067975027,Diego Passos,Brazilian to Foreign,2024,BR,W4399325341,2024,PT,W4403311642
A5067975027,Diego Passos,Foreign to Brazilian,2024,PT,W4401452827,2024,BR,W4389319183
A5067975027,Diego Passos,Brazilian to Foreign,2024,BR,W4389319183,2024,PT,W4405935856
A5067832138,Katia Obraczka,Foreign to Brazilian,2019,US,W2944474639,2019,BR,W2975101788
A5067832138,Katia Obraczka,Brazilian to Foreign,2019,BR,W2975101788,2019,US,W3023713102
A5053942798,Tiago Heinrich,Brazilian to Foreign,2023,BR,W4378191139,2024,DE,W4403937383
A5053942798,Tiago Heinrich,Foreign to Brazilian,2024,DE,W4403937383,2024,BR,W4392399474
A5037864876,Wagner Barreto‐Souza,Brazilian to Foreign,2021,"BR, SA",W4213229759,2024,IE,W4403936130
A5029447124,Dênis Rosário,Brazilian to Foreign,2022,BR,W4285813755,2022,DE,W4320067172
A5029447124,Dênis Rosário,Foreign to Brazilian,2022,DE,W4317418783,2023,BR,W4389544605
A5079473034,Vanessa de Arruda Jorge,Brazilian to Foreign,2018,"BR, US",W2941503072,2018,MZ,W2906617399
A5079473034,Vanessa de Arruda Jorge,Foreign to Brazilian,2018,MZ,W2906617399,2024,BR,W4403965631
A5088230421,Gregório Varvákis,Brazilian to Foreign,2017,"BR, GB",W841687727,2017,GB,W2940826359
A5088230421,Gregório Varvákis,Foreign to Brazilian,2017,GB,W2940826359,2019,BR,W2986114981
A5000555101,Mariana Campos,Brazilian to Foreign,2021,BR,W4206323191,2021,FI,W3177424575
A5049028312,Rodrigo C. de Lamare,Foreign to Brazilian,2015,GB,W2964340690,2015,"BR, GB",W1688573150
A5049028312,Rodrigo C. de Lamare,Brazilian to Foreign,2016,BR,W2326213240,2017,GB,W2772735047
A5049028312,Rodrigo C. de Lamare,Foreign to Brazilian,2017,GB,W2772735047,2017,BR,W2756288353
A5049028312,Rodrigo C. de Lamare,Brazilian to Foreign,2017,"BR, GB",W2963580311,2018,GB,W2894306363
A5049028312,Rodrigo C. de Lamare,Foreign to Brazilian,2018,GB,W2894306363,2018,BR,W2897677463
A5049028312,Rodrigo C. de Lamare,Brazilian to Foreign,2024,BR,W4405022404,2024,GB,W4392904792
A5049028312,Rodrigo C. de Lamare,Foreign to Brazilian,2024,GB,W4392904792,2024,"BR, GB",W4401808179
A5049028312,Rodrigo C. de Lamare,Brazilian to Foreign,2024,BR,W4401246987,2024,ES,W4402834688
A5024990733,Rodolfo Villaça,Brazilian to Foreign,2016,BR,W2613067560,2016,US,W2471154662
A5024990733,Rodolfo Villaça,Foreign to Brazilian,2016,US,W2471154662,2016,BR,W4378648039
A5048839201,André Riker,Foreign to Brazilian,2015,PT,W2240122942,2020,BR,W3112813083
A5005147996,Vinícius M. A. Souza,Foreign to Brazilian,2015,ES,W2408482937,2015,BR,W1641614487
A5011390880,Marcelo Pias,Foreign to Brazilian,2018,GB,W2921889836,2018,BR,W2903416847
A5011390880,Marcelo Pias,Brazilian to Foreign,2018,BR,W2903416847,2019,GB,W3011067535
A5011390880,Marcelo Pias,Foreign to Brazilian,2019,GB,W3011067535,2019,BR,W3012466426
A5000009381,Robson de Oliveira Albuquerque,Foreign to Brazilian,2015,ES,W1900763181,2016,BR,W2491763790
A5056962045,Rafael T. de Sousa,Brazilian to Foreign,2015,BR,W1535526363,2015,US,W1501749230
A5056962045,Rafael T. de Sousa,Foreign to Brazilian,2015,US,W1501749230,2015,BR,W2293522866
A5042116301,Ana Lucila Sandoval Orozco,Foreign to Brazilian,2019,ES,W2954006523,2020,BR,W3001147583
A5009077442,Gabriel Antonio F. Rebello,Brazilian to Foreign,2023,"BR, US",W4381488805,2023,FR,W4381332283
A5009077442,Gabriel Antonio F. Rebello,Foreign to Brazilian,2023,FR,W4381332283,2024,BR,W4404180359
A5090424349,Luiz F. Bittencourt,Brazilian to Foreign,2018,BR,W2901272386,2018,GB,W2908615848
A5090424349,Luiz F. Bittencourt,Foreign to Brazilian,2018,GB,W2908615848,2018,BR,W2898835161
A5090429145,Rui L. Aguiar,Foreign to Brazilian,2021,PT,W3128456514,2024,BR,W4404298328
A5054260780,Danilo F. S. Santos,Brazilian to Foreign,2018,BR,W2898682950,2018,FR,W2883813052
A5054260780,Danilo F. S. Santos,Foreign to Brazilian,2018,FR,W2883813052,2018,BR,W2910414606
A5089043389,Gabriel O. Alves,Brazilian to Foreign,2022,"BR, SE",W4294786246,2024,DE,W4404373490
A5015702415,Gabriel T. Landi,Brazilian to Foreign,2022,BR,W4213080283,2024,US,W4404373490
A5101793689,Juanpablo Heredia,Foreign to Brazilian,2021,PE,W4238325013,2024,BR,W4404371126
A5029317616,Jorge Poco,Foreign to Brazilian,2015,US,W2145005733,2018,BR,W2908939460
A5029317616,Jorge Poco,Brazilian to Foreign,2022,BR,W4313304564,2022,PE,W4210596017
A5029317616,Jorge Poco,Foreign to Brazilian,2022,PE,W4210596017,2022,BR,W4211032413
A5009932042,Márjory Da Costa‐Abreu,Brazilian to Foreign,2015,BR,W2327912392,2015,GB,W1894283460
A5009932042,Márjory Da Costa‐Abreu,Foreign to Brazilian,2015,GB,W1894283460,2015,BR,W2616279633
A5009932042,Márjory Da Costa‐Abreu,Brazilian to Foreign,2019,BR,W3139140330,2020,GB,W2795786825
A5009932042,Márjory Da Costa‐Abreu,Foreign to Brazilian,2021,GB,W3203175858,2022,BR,W4224239657
A5009932042,Márjory Da Costa‐Abreu,Brazilian to Foreign,2022,BR,W4224239657,2022,GB,W4287958462
A5054181648,Saimon Filipe Covre da Silva,Foreign to Brazilian,2023,AT,W4323538202,2024,BR,W4405450309
A5008149528,Fabricio Rodriguez,Brazilian to Foreign,2024,BR,W4404622146,2024,ES,W4404914607
A5008149528,Fabricio Rodriguez,Foreign to Brazilian,2024,ES,W4404914607,2024,"BR, SE",W4401325684
A5055821345,Christian Esteve Rothenberg,Brazilian to Foreign,2018,BR,W2970290181,2018,GR,W2889698016
A5055821345,Christian Esteve Rothenberg,Foreign to Brazilian,2018,GR,W2889698016,2018,BR,W2897851160
A5046112925,Charles Madeira,Brazilian to Foreign,2020,BR,W3116411895,2021,FR,W161065179
A5046112925,Charles Madeira,Foreign to Brazilian,2021,FR,W161065179,2024,BR,W4405886262
A5086587743,Flávia C. Delicato,Brazilian to Foreign,2019,BR,W2963051524,2019,US,W2971155021
A5086587743,Flávia C. Delicato,Foreign to Brazilian,2019,US,W2971155021,2019,BR,W2947919372
A5086587743,Flávia C. Delicato,Brazilian to Foreign,2019,BR,W2982411621,2020,AU,W3115705965
A5086587743,Flávia C. Delicato,Foreign to Brazilian,2020,AU,W3115705965,2020,BR,W3044529353
A5086587743,Flávia C. Delicato,Brazilian to Foreign,2020,BR,W3126497288,2020,AU,W3114076476
A5086587743,Flávia C. Delicato,Foreign to Brazilian,2020,AU,W3114076476,2020,BR,W3093575502
A5021862673,Paulo F. Pires,Brazilian to Foreign,2018,BR,W2912186786,2019,US,W2971155021
A5021862673,Paulo F. Pires,Foreign to Brazilian,2019,US,W2971155021,2019,BR,W2947919372
A5026726377,Thaı́s Batista,Brazilian to Foreign,2015,BR,W1532577894,2015,US,W1565265585
A5026726377,Thaı́s Batista,Foreign to Brazilian,2015,US,W1565265585,2015,BR,W1903892453
A5020626372,Eduardo Guerra,Brazilian to Foreign,2016,BR,W2738646629,2016,US,W2562270608
A5020626372,Eduardo Guerra,Foreign to Brazilian,2016,US,W2562270608,2017,BR,W2763836646
A5020626372,Eduardo Guerra,Brazilian to Foreign,2020,BR,W3092232630,2020,CH,W3195281407
A5020626372,Eduardo Guerra,Foreign to Brazilian,2020,IT,W3112324495,2020,BR,W3011712716
A5020626372,Eduardo Guerra,Brazilian to Foreign,2020,BR,W3011712716,2020,IT,W3083109262
A5020626372,Eduardo Guerra,Foreign to Brazilian,2020,IT,W3083109262,2020,BR,W3028364416
A5020626372,Eduardo Guerra,Brazilian to Foreign,2020,BR,W3028364416,2020,IT,W3115738815
A5032052316,Sebastián Urrutia,Brazilian to Foreign,2021,"BR, NO",W3158247993,2024,NO,W4405267243
A5011543499,A.C.G. Melo,Foreign to Brazilian,2020,FR,W3081744371,2020,BR,W3089950625
A5047993195,José Francisco Moreira Pessanha,Brazilian to Foreign,2020,BR,W3032025455,2020,FR,W3081744371
A5047993195,José Francisco Moreira Pessanha,Foreign to Brazilian,2020,FR,W3081744371,2020,BR,W3089950625
A5065426559,Geraldo P. Rocha Filho,Brazilian to Foreign,2018,BR,W2787331725,2019,ID,W3004026090
A5065426559,Geraldo P. Rocha Filho,Foreign to Brazilian,2019,ID,W3004026090,2019,BR,W2943307247
A5058361655,Nisiane dos Santos,Foreign to Brazilian,2022,US,W4312232623,2024,BR,W4384271214
A5017524374,Jorge Melegati,Brazilian to Foreign,2016,BR,W3011389515,2019,IT,W2915547046
A5075965243,Aline Menin,Brazilian to Foreign,2016,"BR, US",W2343515139,2016,FR,W2501984754
A5075965243,Aline Menin,Foreign to Brazilian,2016,FR,W2501984754,2018,"BR, FR",W2796545836
A5075965243,Aline Menin,Brazilian to Foreign,2018,"BR, FR",W2796545836,2020,FR,W3046167479
A5089722326,Marco Winckler,Foreign to Brazilian,2017,FR,W2620819475,2017,"BR, FR",W2953334282
A5089722326,Marco Winckler,Brazilian to Foreign,2019,"BR, FR",W2967540828,2022,FR,W4225730608
A5045653076,Rodrigo Valente Giublin Teixeira,Brazilian to Foreign,2018,BR,W2891820650,2023,US,W4390758470
A5045653076,Rodrigo Valente Giublin Teixeira,Foreign to Brazilian,2023,US,W4390758470,2024,BR,W4405294632
A5034604991,Daniel Sadoc Menasché,Brazilian to Foreign,2015,BR,W1547744273,2015,DE,W1562941373
A5034604991,Daniel Sadoc Menasché,Foreign to Brazilian,2015,DE,W1562941373,2016,BR,W2581138779
A5076119699,Daniel L. Guidoni,Brazilian to Foreign,2020,BR,W4285620254,2021,PT,W3159108466
A5076119699,Daniel L. Guidoni,Foreign to Brazilian,2021,PT,W3159108466,2021,BR,W3207397044
A5020029289,Everton Knihs,Foreign to Brazilian,2016,UY,W2267617274,2017,BR,W2780794104
A5020769162,Franciele Marques Redígolo,Brazilian to Foreign,2015,BR,W2617682766,2015,ES,W2244907803
A5020769162,Franciele Marques Redígolo,Foreign to Brazilian,2015,ES,W2244907803,2020,BR,W4292413373
A5063592703,João Marcos Munguba Vieira,Brazilian to Foreign,2020,BR,W3117229574,2024,GB,W4405007808
A5089996866,André Araújo,Brazilian to Foreign,2016,BR,W2597935965,2017,US,W2787136190
A5089996866,André Araújo,Foreign to Brazilian,2017,US,W2787136190,2018,BR,W2782636176
A5021300796,Luiz C. B. Torres,Brazilian to Foreign,2021,BR,W3138365332,2022,DE,W4307099971
A5021300796,Luiz C. B. Torres,Foreign to Brazilian,2022,DE,W4307099971,2022,BR,W4220922638
A5052774024,João Adriano Freitas,Brazilian to Foreign,2022,BR,W4283451077,2023,US,W4392681557
A5052774024,João Adriano Freitas,Foreign to Brazilian,2023,US,W4392681557,2024,BR,W4404885898
A5002311406,Karen Rosero,Brazilian to Foreign,2023,BR,W4380032323,2023,US,W4388562052
A5078704753,Pedro Luiz Pizzigatti Corrêa,Brazilian to Foreign,2018,BR,W2892257083,2019,US,W2938906250
A5078704753,Pedro Luiz Pizzigatti Corrêa,Foreign to Brazilian,2019,US,W2938906250,2019,BR,W2965606979
A5035635984,Samara Dantas de Lima,Brazilian to Foreign,2019,BR,W2952583887,2024,UY,W4404479039
A5074262951,Alessandro L. Koerich,Foreign to Brazilian,2018,CA,W4289773506,2019,BR,W2978481357
A5074262951,Alessandro L. Koerich,Brazilian to Foreign,2019,BR,W2978481357,2019,CA,W2966264296
A5074262951,Alessandro L. Koerich,Foreign to Brazilian,2024,CA,W4404459465,2024,BR,W4406458114
A5006289694,Geraldo Bráz,Brazilian to Foreign,2015,BR,W3036757973,2015,DE,W3036892569
A5006289694,Geraldo Bráz,Foreign to Brazilian,2015,DE,W3036892569,2016,BR,W3008275670
A5069765158,David Mauricio,Brazilian to Foreign,2019,"BR, EC, PE",W2967938568,2021,PE,W3194855539
A5012983530,Marta Lígia Pomim Valentim,Brazilian to Foreign,2017,BR,W3107513187,2017,ES,W2776704526
A5012983530,Marta Lígia Pomim Valentim,Foreign to Brazilian,2017,ES,W2776704526,2017,BR,W2766633106
A5057397108,Thiago Porcino,Brazilian to Foreign,2021,BR,W4285345629,2022,CA,W4312788532
A5057397108,Thiago Porcino,Foreign to Brazilian,2022,CA,W4312788532,2022,BR,W4290648810
A5057397108,Thiago Porcino,Brazilian to Foreign,2023,BR,W4390642475,2023,CA,W4385657597
A5057397108,Thiago Porcino,Foreign to Brazilian,2023,CA,W4385657597,2024,BR,W4404688589
A5080152683,José D. Szezech,Brazilian to Foreign,2016,BR,W2560522936,2018,"CN, DE, GB, UA",W2884421451
A5080152683,José D. Szezech,Foreign to Brazilian,2018,"CN, DE, GB, UA",W2884421451,2019,BR,W3105386451
A5010869903,Ronaldo Moreira Salles,Brazilian to Foreign,2019,BR,W3139476957,2019,US,W3212920393
A5010869903,Ronaldo Moreira Salles,Foreign to Brazilian,2019,US,W3212920393,2019,BR,W2975802818
A5010869903,Ronaldo Moreira Salles,Brazilian to Foreign,2022,BR,W4295681713,2024,PT,W4404565928
A5010869903,Ronaldo Moreira Salles,Foreign to Brazilian,2024,PT,W4404565928,2024,"BR, PT",W4396918278
A5045486535,Douglas A. Santos,Brazilian to Foreign,2020,BR,W3030419288,2022,FR,W4285207860
A5038158417,Jonathan M. Palma,Brazilian to Foreign,2018,BR,W2886396983,2021,CL,W4200270575
A5084551356,Alexandre C. B. Delbem,Brazilian to Foreign,2015,BR,W2082525147,2016,ES,W2571682618
A5084551356,Alexandre C. B. Delbem,Foreign to Brazilian,2016,ES,W2571682618,2016,BR,W2514337682
A5062734796,Tiago Pereira,Brazilian to Foreign,2015,"BR, GB",W2258174515,2016,GB,W2963572097
A5062734796,Tiago Pereira,Foreign to Brazilian,2016,GB,W2963572097,2017,BR,W2963393609
A5062734796,Tiago Pereira,Brazilian to Foreign,2022,"BR, GB",W3136192889,2022,GB,W4292259896
A5062734796,Tiago Pereira,Foreign to Brazilian,2022,GB,W4292259896,2023,"BR, GB",W4362579005
A5051251449,Dário Augusto Borges Oliveira,Brazilian to Foreign,2020,BR,W3026363719,2022,DE,W4283820557
A5051251449,Dário Augusto Borges Oliveira,Foreign to Brazilian,2022,DE,W4283820557,2024,"BR, US",W4392935404
A5020564170,Miguel Mira da Silva,Brazilian to Foreign,2022,BR,W4297857282,2024,PT,W4392980775
A5041478636,Flávia Maria Santoro,Brazilian to Foreign,2023,BR,W4391266269,2023,GB,W4385470361
A5041478636,Flávia Maria Santoro,Foreign to Brazilian,2023,GB,W4385470361,2024,BR,W4392980775
A5077188569,M. V. Marquezini,Brazilian to Foreign,2021,BR,W3127649257,2021,SE,W3209468854
A5077188569,M. V. Marquezini,Foreign to Brazilian,2021,SE,W3209468854,2024,BR,W4392975609
A5064643268,Patrícia Takako Endo,Brazilian to Foreign,2018,"BR, IE",W2999246798,2018,IE,W2898122962
A5064643268,Patrícia Takako Endo,Foreign to Brazilian,2018,IE,W2898122962,2018,BR,W2906287177
A5064643268,Patrícia Takako Endo,Brazilian to Foreign,2019,BR,W2997957462,2019,IE,W2984722468
A5064643268,Patrícia Takako Endo,Foreign to Brazilian,2019,IE,W2984722468,2019,BR,W2980887392
A5064643268,Patrícia Takako Endo,Brazilian to Foreign,2019,BR,W2960804246,2019,IE,W3006475672
A5064643268,Patrícia Takako Endo,Foreign to Brazilian,2019,IE,W3006475672,2019,"BR, IE",W2928318647
A5088368109,Pêdra D. S. Andrade,Foreign to Brazilian,2022,PT,W4294732295,2022,BR,W3023941272
A5088368109,Pêdra D. S. Andrade,Brazilian to Foreign,2022,BR,W3023941272,2024,PT,W4392459844
A5007353177,Makson S. Santos,Brazilian to Foreign,2020,BR,W3102958202,2022,MX,W3023941272
A5081908335,Rodrigo Moreira,Brazilian to Foreign,2020,BR,W3028108324,2021,TR,W4210698790
A5081908335,Rodrigo Moreira,Foreign to Brazilian,2021,TR,W4210698790,2021,BR,W3188774424
A5081908335,Rodrigo Moreira,Brazilian to Foreign,2024,BR,W4392402579,2024,US,W4405937874
A5081908335,Rodrigo Moreira,Foreign to Brazilian,2024,US,W4405937874,2024,BR,W4403397153
A5033447808,Felipe M. G. França,Brazilian to Foreign,2023,"BR, PT",W4386815467,2023,PT,W4386815361
A5033447808,Felipe M. G. França,Foreign to Brazilian,2023,PT,W4386815361,2023,"BR, PT",W4385575120
A5033447808,Felipe M. G. França,Brazilian to Foreign,2023,"BR, PT",W4387933227,2023,PT,W4387250554
A5033447808,Felipe M. G. França,Foreign to Brazilian,2023,PT,W4387250554,2023,BR,W4319870540
A5033447808,Felipe M. G. França,Brazilian to Foreign,2024,BR,W4392886205,2024,PT,W4402353809
A5050136961,Betânia da Mata Ribeiro Gomes,Brazilian to Foreign,2018,BR,W2909611977,2020,US,W3037483729
A5050136961,Betânia da Mata Ribeiro Gomes,Foreign to Brazilian,2020,US,W3037483729,2024,BR,W4392094999
A5016888278,Jean Carlos Nakasato,Brazilian to Foreign,2020,BR,W2912019598,2022,HR,W4281493895
A5016888278,Jean Carlos Nakasato,Foreign to Brazilian,2022,HR,W4206438741,2023,BR,W4318567300
A5113334591,Dora Elisa Elías Martinez,Brazilian to Foreign,2024,"BR, PE",W4392199752,2024,PE,W4393342846
A5054518010,A. Saraiva,Foreign to Brazilian,2018,PT,W2907079685,2018,BR,W2907953304
A5054518010,A. Saraiva,Brazilian to Foreign,2019,BR,W2993629656,2019,PT,W2986541478
A5054518010,A. Saraiva,Foreign to Brazilian,2019,PT,W2986541478,2024,"BR, PT",W4392141967
A5009025941,N. M. Fonseca Ferreira,Foreign to Brazilian,2018,PT,W2791173649,2018,"BR, NP, PT",W2915145460
A5009025941,N. M. Fonseca Ferreira,Brazilian to Foreign,2018,"BR, NP, PT",W2915145460,2019,PT,W2986541478
A5035632347,António Valente,Foreign to Brazilian,2018,PT,W2791173649,2018,"BR, NP, PT",W2915145460
A5035632347,António Valente,Brazilian to Foreign,2018,"BR, NP, PT",W2915145460,2019,PT,W2986541478
A5051009274,Adriano Marques Garcia,Brazilian to Foreign,2023,BR,W4379031075,2024,IT,W4392163891
A5076792297,Luiz Gustavo Fernandes,Brazilian to Foreign,2018,BR,W2884836535,2018,IT,W2806301754
A5076792297,Luiz Gustavo Fernandes,Foreign to Brazilian,2018,IT,W2806301754,2018,BR,W2794048929
A5041190229,Leandro A. Passos,Brazilian to Foreign,2021,BR,W4206939075,2022,GB,W4313214549
A5041190229,Leandro A. Passos,Foreign to Brazilian,2022,GB,W4310879342,2023,BR,W4384702813
A5087058987,Ricardo da S. Torres,Brazilian to Foreign,2019,BR,W2992650893,2020,NO,W3118594433
A5087058987,Ricardo da S. Torres,Foreign to Brazilian,2021,NO,W3173955962,2021,"BR, NO",W3126920391
A5087058987,Ricardo da S. Torres,Brazilian to Foreign,2021,"BR, NO",W3126920391,2021,NO,W3196482926
A5005499801,Ivan Zyrianoff,Brazilian to Foreign,2020,BR,W3126607981,2021,IT,W3212422884
A5005499801,Ivan Zyrianoff,Foreign to Brazilian,2022,IT,W4210560618,2022,BR,W4211116191
A5005499801,Ivan Zyrianoff,Brazilian to Foreign,2022,BR,W4211116191,2023,IT,W4399169257
A5071200361,Carlos Kamienski,Brazilian to Foreign,2022,BR,W4210560618,2022,IT,W4211116191
A5071200361,Carlos Kamienski,Foreign to Brazilian,2022,IT,W4211116191,2022,BR,W4381786598
A5072776222,Stiven S. Dias,Brazilian to Foreign,2020,BR,W3084493934,2021,NL,W3217683237
A5072776222,Stiven S. Dias,Foreign to Brazilian,2021,NL,W3217683237,2024,"BR, NL",W4392902668
A5018888863,Marcelo G. S. Bruno,Brazilian to Foreign,2018,BR,W2884769207,2018,US,W2798523385
A5018888863,Marcelo G. S. Bruno,Foreign to Brazilian,2018,US,W2798523385,2019,BR,W2938216750
A5063143014,Cícero Manoel dos Santos,Brazilian to Foreign,2019,BR,W2985430914,2020,US,W3023772079
A5063143014,Cícero Manoel dos Santos,Foreign to Brazilian,2020,US,W3023772079,2020,BR,W3108947102
A5015589360,João Baptista de Oliveira e Souza Filho,Brazilian to Foreign,2022,BR,W4310632024,2023,CA,W4386915830
A5015589360,João Baptista de Oliveira e Souza Filho,Foreign to Brazilian,2023,CA,W4386915830,2024,BR,W4398254460
A5081611950,Alexandre Nascimento,Brazilian to Foreign,2018,BR,W2969255946,2019,US,W3008190182
A5081611950,Alexandre Nascimento,Foreign to Brazilian,2019,US,W3008190182,2023,BR,W4379620200
A5020760108,Jorge H. Faccipieri,Brazilian to Foreign,2017,BR,W2764142939,2019,NO,W2913963331
A5020760108,Jorge H. Faccipieri,Foreign to Brazilian,2019,NO,W2913963331,2022,BR,W4285293407
A5088896472,Edgar Sarmiento,Brazilian to Foreign,2016,BR,W2566978455,2020,PE,W3081808072
A5021611872,Ênyo José Tavares Gonçalves,Brazilian to Foreign,2019,BR,W2995937576,2019,ES,W3034181936
A5021611872,Ênyo José Tavares Gonçalves,Foreign to Brazilian,2019,ES,W3034181936,2020,BR,W3156715748
A5042964790,Oliver Lorscheid,Brazilian to Foreign,2020,BR,W3096193342,2021,NL,W3153402454
A5042964790,Oliver Lorscheid,Foreign to Brazilian,2021,NL,W3153402454,2023,"BR, NL",W4388890444
A5009312022,Ricardo de Freitas Lopes,Foreign to Brazilian,2021,CA,W3140431423,2024,BR,W4392603305
A5092666226,Eva Maria Marinho Assunção,Foreign to Brazilian,2024,"FR, PT, US",W4392732783,2024,BR,W4396510298
A5056299555,Sarajane Marques Peres,Brazilian to Foreign,2021,BR,W3157410405,2021,CA,W3135507030
A5056299555,Sarajane Marques Peres,Foreign to Brazilian,2021,CA,W3135507030,2022,BR,W4220871202
A5049262046,Daniel Cordeiro,Brazilian to Foreign,2018,BR,W2922334445,2018,PT,W2914772562
A5049262046,Daniel Cordeiro,Foreign to Brazilian,2018,PT,W2914772562,2018,BR,W2889593588
A5049262046,Daniel Cordeiro,Brazilian to Foreign,2018,BR,W2889593588,2019,FR,W2953868700
A5049262046,Daniel Cordeiro,Foreign to Brazilian,2019,FR,W2953868700,2020,BR,W3194309484
A5002988529,Alexei Padilla Herrera,Brazilian to Foreign,2017,BR,W2626838591,2024,CR,W4399272541
A5088960174,Diego Kreutz,Foreign to Brazilian,2016,LU,W2263036470,2018,BR,W2945998802
A5023566455,Roger Immich,Foreign to Brazilian,2016,PT,W2481590998,2018,BR,W2976625110
A5058542853,Clarice França Lira Leopoldino,Foreign to Brazilian,2024,"GT, US",W4393385502,2024,BR,W4391643357
A5069568679,Gabriel Alves Mendes Vasiljevic,Brazilian to Foreign,2023,BR,W4387342523,2024,DE,W4393903456
A5037955245,Samuel Bouças do Lago,Foreign to Brazilian,2021,US,W3130365415,2021,BR,W4200332458
A5037955245,Samuel Bouças do Lago,Brazilian to Foreign,2021,BR,W4200332458,2023,US,W4387770603
A5060066233,Moysés Nascimento,Brazilian to Foreign,2016,BR,W2323073154,2024,US,W4393222709
A5069416979,João Paulo C. L. da Costa,Brazilian to Foreign,2016,BR,W2547703186,2016,DE,W2584982154
A5069416979,João Paulo C. L. da Costa,Foreign to Brazilian,2016,DE,W2584982154,2016,BR,W2558046232
A5069416979,João Paulo C. L. da Costa,Brazilian to Foreign,2016,BR,W2558046232,2016,DE,W2596686789
A5069416979,João Paulo C. L. da Costa,Foreign to Brazilian,2016,DE,W2596686789,2016,BR,W2509772508
A5069416979,João Paulo C. L. da Costa,Brazilian to Foreign,2016,BR,W2509772508,2016,DE,W2559812818
A5069416979,João Paulo C. L. da Costa,Foreign to Brazilian,2016,DE,W2585644098,2016,"BR, DE",W2561865694
A5069416979,João Paulo C. L. da Costa,Brazilian to Foreign,2016,"BR, DE",W2561865694,2016,DE,W2583571022
A5069416979,João Paulo C. L. da Costa,Foreign to Brazilian,2016,DE,W2583571022,2017,"BR, DE",W2745095216
A5069416979,João Paulo C. L. da Costa,Brazilian to Foreign,2020,BR,W3094037037,2020,DE,W3093242351
A5069416979,João Paulo C. L. da Costa,Foreign to Brazilian,2020,DE,W3106765030,2021,BR,W3138428233
A5069416979,João Paulo C. L. da Costa,Brazilian to Foreign,2021,BR,W3138428233,2021,DE,W4200201589
A5069416979,João Paulo C. L. da Costa,Foreign to Brazilian,2022,DE,W4205607981,2023,BR,W4392942689
A5069416979,João Paulo C. L. da Costa,Brazilian to Foreign,2023,BR,W4392942689,2023,DE,W4386323853
A5101575314,Luiz Augusto Facury de Souza,Brazilian to Foreign,2022,BR,W4312193872,2024,FR,W4393184571
A5002595177,Eduardo Augusto Bezerra,Brazilian to Foreign,2017,BR,W2769047189,2017,FR,W3101470696
A5002595177,Eduardo Augusto Bezerra,Foreign to Brazilian,2017,FR,W3101470696,2017,"BR, US",W2594703443
A5002595177,Eduardo Augusto Bezerra,Brazilian to Foreign,2018,BR,W2911552096,2018,US,W2951668824
A5002595177,Eduardo Augusto Bezerra,Foreign to Brazilian,2018,US,W2951668824,2018,"BR, FR",W2798892719
A5065664167,Uilma Santos de Souza,Brazilian to Foreign,2023,"BR, UY",W4318682150,2024,PT,W4395662961
A5024570296,Guilherme Corrêa,Foreign to Brazilian,2015,PT,W1507481475,2015,BR,W2514744513
A5022499645,Cristiano Maciél,Brazilian to Foreign,2023,BR,W4391308332,2023,US,W4385247791
A5022499645,Cristiano Maciél,Foreign to Brazilian,2023,US,W4385247791,2023,BR,W4387397150
A5022499645,Cristiano Maciél,Brazilian to Foreign,2024,BR,W4395681843,2024,US,W4399364325
A5022499645,Cristiano Maciél,Foreign to Brazilian,2024,US,W4399364325,2024,BR,W4391568981
A5025683130,Filipi N. Silva,Brazilian to Foreign,2018,BR,W2963213247,2022,US,W4224106798
A5085599698,Henrique Ferraz de Arruda,Brazilian to Foreign,2022,"BR, IT",W4224106798,2022,IT,W4296840116
A5085599698,Henrique Ferraz de Arruda,Foreign to Brazilian,2022,IT,W4296840116,2023,"BR, IT",W4376309372
A5085599698,Henrique Ferraz de Arruda,Brazilian to Foreign,2023,"BR, IT",W4376309372,2024,IT,W4395676868
A5092559168,Alberto da Silva Franqueira,Brazilian to Foreign,2024,"BR, US",W4393975069,2024,US,W4399674425
A5008630507,Fernando Trinta,Brazilian to Foreign,2017,BR,W2762616794,2017,US,W2767823446
A5008630507,Fernando Trinta,Foreign to Brazilian,2017,US,W2767823446,2017,BR,W2754498316
A5083680372,Maurício Moreira Neto,Foreign to Brazilian,2016,ES,W3006950242,2018,BR,W2946174773
A5051206375,Lennin Mallma Ramirez,Foreign to Brazilian,2015,PE,W1959749429,2017,BR,W2604119293
A5027767988,Luís Carlos Paschoarelli,Brazilian to Foreign,2023,BR,W4389893755,2024,US,W4394060607
A5027179237,Daniel J. Brod,Foreign to Brazilian,2017,CA,W2765690338,2018,"BR, CA",W2962758283
A5073664844,Aloizio P. Silva,Brazilian to Foreign,2019,"BR, GB",W2944474639,2019,GB,W2945532824
A5071689195,Kléber V. Cardoso,Brazilian to Foreign,2018,BR,W2889356355,2018,GB,W2889698016
A5071689195,Kléber V. Cardoso,Foreign to Brazilian,2018,GB,W2889698016,2018,BR,W2890670192
A5070996471,Cristiano Bonato Both,Brazilian to Foreign,2016,BR,W2550148060,2016,AG,W2531838146
A5070996471,Cristiano Bonato Both,Foreign to Brazilian,2016,AG,W2531838146,2016,BR,W2499155027
A5070996471,Cristiano Bonato Both,Brazilian to Foreign,2016,BR,W2499155027,2017,AG,W2613001405
A5070996471,Cristiano Bonato Both,Foreign to Brazilian,2017,AG,W2613001405,2017,BR,W2768181708
A5093707507,Maria Cleonice Santos de Melo Penha,Brazilian to Foreign,2024,BR,W4394693016,2024,BD,W4400937999
A5044957374,Ángel Deroncele-Acosta,Foreign to Brazilian,2021,PE,W4242129008,2024,"BR, MX, PE",W4394685724
A5062334330,Lu­ís Soares Barbosa,Brazilian to Foreign,2015,BR,W4389706206,2019,PT,W2981110982
A5062334330,Lu­ís Soares Barbosa,Foreign to Brazilian,2019,PT,W2981110982,2022,"BR, PT",W4313013902
A5062334330,Lu­ís Soares Barbosa,Brazilian to Foreign,2022,"BR, PT",W4313013902,2022,PT,W4293083442
A5027811333,Ernesto F. Galvão,Brazilian to Foreign,2021,"BR, PT",W3188570191,2021,PT,W3188008161
A5027811333,Ernesto F. Galvão,Foreign to Brazilian,2021,PT,W3188008161,2021,"BR, PT",W3156898773
A5027811333,Ernesto F. Galvão,Brazilian to Foreign,2024,"BR, PT",W4401016414,2024,PT,W3199968253
A5036781761,André Rodrigues Gonçalves,Foreign to Brazilian,2017,GW,W2612760813,2018,BR,W2797724841
A5064045527,Ênio Bueno Pereira,Brazilian to Foreign,2017,BR,W2771197893,2017,GW,W2612760813
A5064045527,Ênio Bueno Pereira,Foreign to Brazilian,2017,GW,W2612760813,2018,BR,W2797724841
A5053198502,Rodrigo Santos Costa,Brazilian to Foreign,2017,BR,W2771197893,2017,GW,W2612760813
A5053198502,Rodrigo Santos Costa,Foreign to Brazilian,2017,GW,W2612760813,2018,BR,W2954473608
A5004248979,Luiz Schirmer,Brazilian to Foreign,2021,BR,W4200237078,2022,PT,W4312657759
A5004248979,Luiz Schirmer,Foreign to Brazilian,2022,PT,W4312657759,2023,"BR, PT",W4378375065
A5074601290,Rogério Salvini,Foreign to Brazilian,2016,US,W2513233134,2017,BR,W2770109380
A5055267777,Alextian Bartholomeu Liberato,Brazilian to Foreign,2015,BR,W3198626175,2016,US,W2471154662
A5055267777,Alextian Bartholomeu Liberato,Foreign to Brazilian,2016,US,W2471154662,2016,BR,W2463098840
A5028335598,Giovany Frossard Teixeira,Foreign to Brazilian,2017,US,W2768039615,2023,BR,W4385896288
A5085569894,Vanderson Martins do Rosário,Brazilian to Foreign,2022,BR,W4220803105,2024,US,W4392295176
A5078149140,Fernando Magno Quintão Pereira,Brazilian to Foreign,2017,BR,W2780762329,2017,US,W2619305731
A5078149140,Fernando Magno Quintão Pereira,Foreign to Brazilian,2017,US,W2619305731,2017,BR,W2746241639
A5078149140,Fernando Magno Quintão Pereira,Brazilian to Foreign,2018,BR,W2889739713,2018,FR,W2900428612
A5078149140,Fernando Magno Quintão Pereira,Foreign to Brazilian,2018,FR,W2900428612,2018,BR,W2896873429
A5003584200,Claudio Silva,Foreign to Brazilian,2017,US,W2753647667,2017,BR,W2604673391
A5003584200,Claudio Silva,Brazilian to Foreign,2017,BR,W2604673391,2018,US,W2893351918
A5113000830,Senthil Kumar Jagatheesaperumal,Foreign to Brazilian,2024,IN,W4392397965,2024,BR,W4391106287
A5113000830,Senthil Kumar Jagatheesaperumal,Brazilian to Foreign,2024,BR,W4391106287,2024,IN,W4392405811
A5073334214,Rodi Narciso,Foreign to Brazilian,2024,"KR, US, YE",W4392382649,2024,BR,W4393863110
A5055868019,Sourav Tarafder,Foreign to Brazilian,2021,IN,W3189357447,2024,"BR, IN",W4392380131
A5019747303,Guilherme Freire,Brazilian to Foreign,2023,BR,W4383501205,2024,PT,W4392402251
A5068969835,Daniel G. Costa,Brazilian to Foreign,2021,BR,W3209337226,2022,PT,W4308087272
A5048509447,Brian William Bodah,Brazilian to Foreign,2022,"BR, US",W4292337113,2023,US,W4376636174
A5091175241,Cleiton Korcelski,Brazilian to Foreign,2023,BR,W4376636174,2024,PT,W4395077374
A5100681784,Luís F.O. Silva,Brazilian to Foreign,2018,BR,W4251662929,2021,CO,W3200243796
A5100681784,Luís F.O. Silva,Foreign to Brazilian,2022,CO,W4292337113,2023,BR,W4384346547
A5100681784,Luís F.O. Silva,Brazilian to Foreign,2024,"BR, CO",W4395077374,2024,CO,W4393152306
A5021252435,Roberto A. Bittencourt,Brazilian to Foreign,2022,BR,W4280653838,2023,CA,W4390606855
A5089731908,Carla Delgado,Brazilian to Foreign,2021,BR,W3157680956,2021,PT,W3208307279
A5089731908,Carla Delgado,Foreign to Brazilian,2021,PT,W3208307279,2022,BR,W4283754445
A5065749624,Flávio Figueiredo,Brazilian to Foreign,2016,BR,W2571589136,2016,US,W2576265869
A5065749624,Flávio Figueiredo,Foreign to Brazilian,2016,US,W2576265869,2017,BR,W2784063390
A5065289361,Pedro E. Gória Silva,Brazilian to Foreign,2023,"BR, FI",W4388118109,2023,FI,W4388145700
A5065289361,Pedro E. Gória Silva,Foreign to Brazilian,2023,FI,W4388145700,2023,"BR, FI",W4388575447
A5004953377,Sylvio Barbon,Brazilian to Foreign,2021,BR,W3211549280,2023,IT,W4367625736
A5071677754,Matheus Guedes de Andrade,Brazilian to Foreign,2021,BR,W3177359689,2024,US,W4394767702
A5062400717,Fernando Castor,Brazilian to Foreign,2021,BR,W3092281757,2022,NL,W4312302436
A5062400717,Fernando Castor,Foreign to Brazilian,2022,NL,W4312302436,2022,"BR, NL",W4297102158
A5062400717,Fernando Castor,Brazilian to Foreign,2023,"BR, NL",W4375947996,2023,NL,W4377028986
A5062400717,Fernando Castor,Foreign to Brazilian,2023,NL,W4377028986,2023,"BR, NL",W4367299501
A5062400717,Fernando Castor,Brazilian to Foreign,2023,"BR, NL",W4387007130,2024,NL,W4399631907
A5039357068,Fabrízzio Soares,Brazilian to Foreign,2020,"BR, US",W3086548859,2020,US,W3115369051
A5039357068,Fabrízzio Soares,Foreign to Brazilian,2020,US,W3115369051,2021,BR,W3208038293
A5014016869,Maria Ribeiro,Foreign to Brazilian,2023,PT,W4391622725,2024,"BR, PT",W4399626181
A5014016869,Maria Ribeiro,Brazilian to Foreign,2024,"BR, PT",W4399626181,2024,PT,W4399283455
A5079456114,Waldir Moreira,Brazilian to Foreign,2015,BR,W2294301761,2016,PT,W2480090588
A5079456114,Waldir Moreira,Foreign to Brazilian,2016,PT,W2480090588,2016,BR,W2406010710
A5079456114,Waldir Moreira,Brazilian to Foreign,2016,BR,W2406010710,2017,PT,W2767865048
A5079456114,Waldir Moreira,Foreign to Brazilian,2017,PT,W2767865048,2017,"BR, PT",W2751169498
A5079456114,Waldir Moreira,Brazilian to Foreign,2017,"BR, PT",W2751169498,2017,PT,W2773194082
A5002385197,Antônio Oliveira-Jr,Brazilian to Foreign,2020,"BR, PT",W3092588598,2021,PT,W4206349443
A5002385197,Antônio Oliveira-Jr,Foreign to Brazilian,2021,PT,W4206186288,2021,BR,W4200247285
A5002385197,Antônio Oliveira-Jr,Brazilian to Foreign,2021,BR,W4200247285,2021,PT,W3189543778
A5002385197,Antônio Oliveira-Jr,Foreign to Brazilian,2021,PT,W3189543778,2021,BR,W3147743676
A5002385197,Antônio Oliveira-Jr,Brazilian to Foreign,2021,BR,W3147743676,2022,PT,W4312854485
A5002385197,Antônio Oliveira-Jr,Foreign to Brazilian,2022,PT,W4312854485,2022,"BR, PT",W4283323173
A5002385197,Antônio Oliveira-Jr,Brazilian to Foreign,2022,BR,W4309050063,2022,PT,W4312628914
A5002385197,Antônio Oliveira-Jr,Foreign to Brazilian,2023,PT,W4391622694,2024,BR,W4399626181
A5076640892,Antônio A. F. Loureiro,Brazilian to Foreign,2016,BR,W3007710886,2016,CA,W2517536578
A5076640892,Antônio A. F. Loureiro,Foreign to Brazilian,2016,CA,W2517536578,2016,BR,W2341402926
A5051725468,Magnos Martinello,Brazilian to Foreign,2018,BR,W2901012544,2018,GB,W2886392136
A5051725468,Magnos Martinello,Foreign to Brazilian,2018,GB,W2886392136,2018,BR,W2885162947
A5051725468,Magnos Martinello,Brazilian to Foreign,2023,BR,W4384158091,2023,NZ,W4382864683
A5051725468,Magnos Martinello,Foreign to Brazilian,2023,NZ,W4382864683,2024,BR,W4401503768
A5044305127,Alberto Raposo,Brazilian to Foreign,2016,BR,W2547024479,2017,MX,W2768858099
A5044305127,Alberto Raposo,Foreign to Brazilian,2017,MX,W2768858099,2017,BR,W2763844585
A5014320176,Adelson de Araujo,Brazilian to Foreign,2020,BR,W3097263441,2021,NL,W3191852751
A5028395885,Daniel Rough,Foreign to Brazilian,2021,GB,W3120881549,2024,BR,W4400396810
A5060903936,Igor Wiese,Brazilian to Foreign,2018,BR,W2888176143,2018,PL,W2897657385
A5060903936,Igor Wiese,Foreign to Brazilian,2018,PL,W2897657385,2018,BR,W2899117127
A5060903936,Igor Wiese,Brazilian to Foreign,2020,BR,W3088328326,2020,US,W3014164501
A5060903936,Igor Wiese,Foreign to Brazilian,2020,US,W3014164501,2020,BR,W3107708718
A5024645888,Rafael Prikladnicki,Brazilian to Foreign,2019,BR,W4288363128,2019,SE,W2915378823
A5024645888,Rafael Prikladnicki,Foreign to Brazilian,2019,SE,W2915378823,2020,BR,W3026059462
A5014835103,Ronaldo Ferreira de Araújo,Brazilian to Foreign,2021,BR,W4386887494,2021,ES,W3173465504
A5014835103,Ronaldo Ferreira de Araújo,Foreign to Brazilian,2021,ES,W3173465504,2021,BR,W3118524501
A5100009829,Tomé Fernandes Caitano,Brazilian to Foreign,2024,BR,W4400314973,2024,US,W4400676574
A5025732017,Felipe Nascimento Martins,Foreign to Brazilian,2015,NL,W2546253873,2015,BR,W2466017564
A5025732017,Felipe Nascimento Martins,Brazilian to Foreign,2015,BR,W2466017564,2024,"NL, US",W4400188355
A5069029497,Érico Leão,Brazilian to Foreign,2016,"BR, PT",W2570173246,2017,PT,W2611831558
A5069029497,Érico Leão,Foreign to Brazilian,2017,PT,W2611831558,2017,"BR, PT",W2583078926
A5073365814,Solange Oliveira Rezende,Brazilian to Foreign,2018,BR,W2916315203,2018,ES,W2902581563
A5073365814,Solange Oliveira Rezende,Foreign to Brazilian,2018,ES,W2902581563,2018,BR,W2896961591
A5012632345,Fernando Koch,Brazilian to Foreign,2015,BR,W2004733468,2019,US,W2981723893
A5012632345,Fernando Koch,Foreign to Brazilian,2023,US,W4321488568,2024,BR,W4396849846
A5079933260,Carlo Kleber da Silva Rodrigues,Brazilian to Foreign,2015,BR,W2285278144,2015,EC,W2273970123
A5079933260,Carlo Kleber da Silva Rodrigues,Foreign to Brazilian,2015,EC,W2273970123,2016,BR,W2460338866
A5046323650,Ana Clara Cândido,Brazilian to Foreign,2018,BR,W2772047330,2018,PT,W2798128273
A5046323650,Ana Clara Cândido,Foreign to Brazilian,2018,PT,W2798128273,2018,BR,W2933155219
A5046323650,Ana Clara Cândido,Brazilian to Foreign,2018,BR,W3100403735,2018,PT,W2898622554
A5046323650,Ana Clara Cândido,Foreign to Brazilian,2018,PT,W2898622554,2019,BR,W2958505233
A5011542917,Ana de Almeida,Brazilian to Foreign,2015,BR,W2998575678,2023,PT,W4386815330
A5039179485,Keiko V. O. Fonseca,Brazilian to Foreign,2015,BR,W838299153,2018,CH,W2910880444
A5039179485,Keiko V. O. Fonseca,Foreign to Brazilian,2018,CH,W2910880444,2018,BR,W2898674268
A5063510452,Augusto Ferreira Umpiérrez,Brazilian to Foreign,2020,BR,W4390627279,2024,UY,W4401701455
A5025220360,Paula Catarino,Foreign to Brazilian,2020,PT,W3025800586,2022,"BR, PT",W4296423777
A5025220360,Paula Catarino,Brazilian to Foreign,2022,"BR, PT",W4296423777,2022,PT,W4307948214
A5010568357,Fabricio de Lima Weber,Foreign to Brazilian,2023,US,W4392460362,2024,BR,W4401977602
A5070505291,Anderson C. A. Nascimento,Brazilian to Foreign,2015,BR,W2181196462,2015,US,W2296539003
A5070505291,Anderson C. A. Nascimento,Foreign to Brazilian,2015,US,W2296539003,2015,BR,W1516862653
A5070505291,Anderson C. A. Nascimento,Brazilian to Foreign,2015,BR,W1516862653,2015,US,W2173066479
A5070505291,Anderson C. A. Nascimento,Foreign to Brazilian,2015,US,W2173066479,2016,"BR, US",W2548932170
A5070505291,Anderson C. A. Nascimento,Brazilian to Foreign,2016,"BR, US",W2548932170,2017,US,W2568831780
A5070505291,Anderson C. A. Nascimento,Foreign to Brazilian,2017,US,W2568831780,2019,BR,W3012417536
A5070505291,Anderson C. A. Nascimento,Brazilian to Foreign,2019,BR,W3012417536,2019,US,W2973371686
A5061181768,Ig Ibert Bittencourt,Brazilian to Foreign,2019,BR,W2990531070,2020,US,W3108277644
A5061181768,Ig Ibert Bittencourt,Foreign to Brazilian,2020,US,W3108277644,2020,BR,W3109397555
A5061181768,Ig Ibert Bittencourt,Brazilian to Foreign,2023,BR,W4392608968,2023,US,W4391139162
A5061181768,Ig Ibert Bittencourt,Foreign to Brazilian,2023,US,W4384025872,2023,BR,W4385516365
A5061181768,Ig Ibert Bittencourt,Brazilian to Foreign,2024,BR,W4403177612,2024,US,W4393551670
A5061181768,Ig Ibert Bittencourt,Foreign to Brazilian,2024,US,W4393551670,2024,BR,W4400275486
A5020633136,Raquel Gómez Bravo,Brazilian to Foreign,2023,BR,W4379740790,2024,LU,W4401952608
A5057504672,Felipe Kenji Nakano,Brazilian to Foreign,2018,BR,W2801811995,2020,BE,W3042816745
A5041696034,Jonysberg P. Quintino,Brazilian to Foreign,2019,BR,W2954331385,2020,US,W3115847310
A5041696034,Jonysberg P. Quintino,Foreign to Brazilian,2020,US,W3115847310,2020,BR,W3011189904
A5068277015,Lucia Mesquita,Foreign to Brazilian,2024,"IE, PT",W4403318989,2024,"BR, IE, PT",W4402461020
A5061851539,Francisco A. Rodrigues,Brazilian to Foreign,2015,BR,W1828311434,2015,ES,W1847722306
A5061851539,Francisco A. Rodrigues,Foreign to Brazilian,2015,ES,W1847722306,2016,BR,W2343043627
A5044506720,André Hora,Brazilian to Foreign,2015,BR,W2164626827,2015,FR,W1965636200
A5044506720,André Hora,Foreign to Brazilian,2015,FR,W1965636200,2016,BR,W2561792692
A5058517041,Marco Chiesa,Foreign to Brazilian,2018,SE,W4254015241,2018,"BR, SE",W2886454774
A5058517041,Marco Chiesa,Brazilian to Foreign,2018,"BR, SE",W2886454774,2018,SE,W4247608663
A5009017026,Roberto Rodrigues Filho,Foreign to Brazilian,2018,GB,W2921180060,2022,BR,W4288422167
A5016387542,João Ricardo Nickenig Vissoci,Foreign to Brazilian,2021,US,W4200295041,2021,"BR, US",W3152563825
A5016387542,João Ricardo Nickenig Vissoci,Brazilian to Foreign,2021,"BR, US",W3152563825,2023,US,W4367662634
A5016160620,Eduardo Alchieri,Brazilian to Foreign,2023,BR,W4381488371,2023,ID,W4382200016
A5016160620,Eduardo Alchieri,Foreign to Brazilian,2023,ID,W4382200016,2023,BR,W4388989676
A5079851488,Marta Mata,Brazilian to Foreign,2018,BR,W2900338452,2019,MN,W3006222653
A5079851488,Marta Mata,Foreign to Brazilian,2019,MN,W3006222653,2020,BR,W3111316619
A5022483402,Mylène C. Q. Farias,Brazilian to Foreign,2023,"BR, US",W4389474491,2023,US,W4379046487
A5022483402,Mylène C. Q. Farias,Foreign to Brazilian,2023,US,W4379046487,2024,"BR, US",W4399428104
A5022483402,Mylène C. Q. Farias,Brazilian to Foreign,2024,"BR, US",W4399428104,2024,US,W4400878335
A5007792821,Alessandro Garcia,Brazilian to Foreign,2015,BR,W2143119899,2015,AR,W2290314319
A5007792821,Alessandro Garcia,Foreign to Brazilian,2015,AR,W2290314319,2015,BR,W2343396275
A5049724662,Carla Bezerra,Brazilian to Foreign,2017,BR,W2735139875,2017,US,W2972064959
A5049724662,Carla Bezerra,Foreign to Brazilian,2017,US,W2972064959,2018,BR,W2782747657
A5001304689,Guillermo Antonio Dávila,Brazilian to Foreign,2019,BR,W2978765128,2023,PE,W4385247791
A5081718940,Artur Castiel Reis de Souza,Brazilian to Foreign,2022,BR,W4220659704,2024,NL,W4399420525
A5061379914,Edvaldo Souza Couto,Foreign to Brazilian,2018,AR,W2796068519,2019,BR,W2953840325
A5064402075,Ana da Costa Polonia,Brazilian to Foreign,2022,BR,W4221069364,2023,"FR, US",W4389191392
A5064402075,Ana da Costa Polonia,Foreign to Brazilian,2023,"FR, US",W4389191392,2024,BR,W4396653614
A5046199529,I.A. Costa,Brazilian to Foreign,2017,BR,W2768463974,2024,IT,W4396662017
A5102861551,Marcos Antonio Soares de Andrade Filho,Brazilian to Foreign,2024,"BR, ES",W4396707421,2024,ES,W4398161341
A5095694469,Leandromar Brandalise,Brazilian to Foreign,2024,"BR, ES",W4396707421,2024,ES,W4399674270
A5045133568,Elias Oliveira,Brazilian to Foreign,2015,BR,W2293126230,2015,MN,W3036423607
A5045133568,Elias Oliveira,Foreign to Brazilian,2015,MN,W3036423607,2015,BR,W3011448141
A5054725298,Lucas Pacheco,Brazilian to Foreign,2020,BR,W3128257365,2021,CH,W3173186182
A5087658596,Torsten Braun,Foreign to Brazilian,2017,CH,W2770347677,2018,BR,W2908615848
A5087658596,Torsten Braun,Brazilian to Foreign,2018,BR,W2908615848,2018,CH,W2794857660
A5068745057,Samuel Xavier‐de‐Souza,Brazilian to Foreign,2019,BR,W2992104209,2019,GB,W2993900288
A5068745057,Samuel Xavier‐de‐Souza,Foreign to Brazilian,2019,GB,W2993900288,2020,BR,W3046710241
A5047367211,Gabriel G. Carlo,Brazilian to Foreign,2021,BR,W3130059202,2024,AR,W4399752992
A5038833701,Diego Mesquita,Brazilian to Foreign,2018,BR,W2795977945,2019,FI,W2995075170
A5038833701,Diego Mesquita,Foreign to Brazilian,2020,FI,W3100431408,2021,"BR, FI",W3214239131
A5080161379,Ronnie de Souza Santos,Foreign to Brazilian,2023,CA,W4382991251,2023,"BR, CA",W4387068056
A5080161379,Ronnie de Souza Santos,Brazilian to Foreign,2023,"BR, CA",W4387068056,2024,CA,W4399572687
A5062877879,António Correia,Foreign to Brazilian,2020,PT,W3111459073,2020,"BR, GB, PT",W3005107182
A5062877879,António Correia,Brazilian to Foreign,2020,"BR, GB, PT",W3005107182,2021,PT,W3136160336
A5036843846,Benjamim Fonseca,Foreign to Brazilian,2019,PT,W2991075206,2020,"BR, GB, PT",W3005107182
A5036843846,Benjamim Fonseca,Brazilian to Foreign,2020,"BR, GB, PT",W3005107182,2021,PT,W3136160336
A5035412894,Raphael de Freitas Saldanha,Brazilian to Foreign,2022,BR,W4298125555,2024,FR,W4399729128
A5040979175,Fábio Porto,Brazilian to Foreign,2018,BR,W2888906248,2018,NL,W2963577125
A5040979175,Fábio Porto,Foreign to Brazilian,2018,NL,W2963577125,2018,BR,W2813269029
A5040979175,Fábio Porto,Brazilian to Foreign,2020,BR,W3091715181,2021,NL,W3193366425
A5040979175,Fábio Porto,Foreign to Brazilian,2021,NL,W3193366425,2021,BR,W4200032588
A5040979175,Fábio Porto,Brazilian to Foreign,2021,BR,W4200032588,2022,NL,W4296984063
A5040979175,Fábio Porto,Foreign to Brazilian,2022,FR,W4312874911,2022,BR,W4321448321
A5040979175,Fábio Porto,Brazilian to Foreign,2022,BR,W4321448321,2022,NL,W4296988358
A5040979175,Fábio Porto,Foreign to Brazilian,2023,NL,W4387378926,2024,BR,W4399729128
A5037683366,Paulo H. L. Rettore,Brazilian to Foreign,2019,BR,W2974451340,2022,DE,W4317928161
A5073394372,Bruno P. Santos,Brazilian to Foreign,2021,BR,W4210575817,2022,DE,W4307099971
A5073394372,Bruno P. Santos,Foreign to Brazilian,2022,DE,W4307099971,2022,BR,W4281788570
A5051452286,José Augusto Chaves Guimarães,Brazilian to Foreign,2017,BR,W2650547673,2017,US,W2941851131
A5051452286,José Augusto Chaves Guimarães,Foreign to Brazilian,2017,US,W2941851131,2017,BR,W2807584724
A5016824814,Aura Ximena González-Cely,Foreign to Brazilian,2021,CO,W3174157416,2022,BR,W4223911436
A5002769872,Diego Monteiro,Foreign to Brazilian,2018,CN,W2908673616,2019,BR,W2990410329
A5002769872,Diego Monteiro,Brazilian to Foreign,2019,BR,W2990410329,2024,FR,W4399524724
A5040702221,Windson Viana,Brazilian to Foreign,2017,BR,W2763491696,2017,US,W2767823446
A5040702221,Windson Viana,Foreign to Brazilian,2017,US,W2767823446,2017,BR,W2752762230
A5020235955,Rodrigo Spínola,Brazilian to Foreign,2022,"BR, US",W4296970695,2022,US,W4320060111
A5020235955,Rodrigo Spínola,Foreign to Brazilian,2022,US,W4320060111,2022,"BR, US",W4308190956
A5020235955,Rodrigo Spínola,Brazilian to Foreign,2022,"BR, US",W4308190956,2022,US,W4318328310
A5020235955,Rodrigo Spínola,Foreign to Brazilian,2022,US,W4318328310,2022,BR,W4292054356
A5020235955,Rodrigo Spínola,Brazilian to Foreign,2022,"BR, US",W4303449590,2023,US,W4387006825
A5020235955,Rodrigo Spínola,Foreign to Brazilian,2023,US,W4323321542,2023,"BR, US",W4328053455
A5020235955,Rodrigo Spínola,Brazilian to Foreign,2023,"BR, US",W4328053455,2023,US,W4389912381
A5100324560,Carla Silva,Foreign to Brazilian,2015,PT,W2913677535,2015,BR,W971705616
A5000683692,Luciano Barbosa,Brazilian to Foreign,2015,BR,W2250175451,2015,US,W2013469079
A5000683692,Luciano Barbosa,Foreign to Brazilian,2015,US,W2013469079,2020,BR,W3133826798
A5029061308,Marllos E. F. Fernandes,Brazilian to Foreign,2022,BR,W4220692711,2023,US,W4388516673
A5029061308,Marllos E. F. Fernandes,Foreign to Brazilian,2023,US,W4388516673,2024,BR,W4397003172
A5022415203,Emanuel F. de Lima,Brazilian to Foreign,2022,BR,W4220692711,2023,US,W4388516673
A5022415203,Emanuel F. de Lima,Foreign to Brazilian,2023,US,W4388516673,2024,BR,W4397003172
A5022452183,L. K. Castelano,Brazilian to Foreign,2022,BR,W4220692711,2023,US,W4388516673
A5022452183,L. K. Castelano,Foreign to Brazilian,2023,US,W4388516673,2024,BR,W4397003172
A5081439231,Joseph W. Yoder,Foreign to Brazilian,2020,US,W3027755704,2024,BR,W4398234340
A5017981792,Marcos Didonet Del Fabro,Brazilian to Foreign,2022,BR,W4229030721,2024,FR,W4396573425
A5057530896,Vinícius H. S. Durelli,Foreign to Brazilian,2015,NL,W2296087679,2015,BR,W2187787941
A5057530896,Vinícius H. S. Durelli,Brazilian to Foreign,2016,BR,W2580735764,2016,NL,W2330047677
A5057530896,Vinícius H. S. Durelli,Foreign to Brazilian,2016,NL,W2330047677,2017,BR,W2752968029
A5062888816,Elcio Hideiti Shiguemori,Brazilian to Foreign,2022,BR,W4316035959,2023,VE,W4324351166
A5062888816,Elcio Hideiti Shiguemori,Foreign to Brazilian,2023,VE,W4324351166,2023,BR,W4389332396
A5007593721,Marco Aurélio Gerosa,Brazilian to Foreign,2017,"BR, US",W2755773714,2017,US,W2754290558
A5007593721,Marco Aurélio Gerosa,Foreign to Brazilian,2017,US,W2771529575,2017,BR,W2570937310
A5007593721,Marco Aurélio Gerosa,Brazilian to Foreign,2017,BR,W2767108439,2018,US,W2884952956
A5007593721,Marco Aurélio Gerosa,Foreign to Brazilian,2018,US,W2794967409,2018,BR,W2793331673
A5007593721,Marco Aurélio Gerosa,Brazilian to Foreign,2018,BR,W2793331673,2018,US,W2807973603
A5007593721,Marco Aurélio Gerosa,Foreign to Brazilian,2022,US,W4296422554,2022,BR,W4312966480
A5007593721,Marco Aurélio Gerosa,Brazilian to Foreign,2022,BR,W4312966480,2023,US,W4386307902
A5080860698,Paulo C. G. Costa,Foreign to Brazilian,2023,US,W4388894702,2024,BR,W4396573382
A5038022273,Valderi Reis Quietinho Leithardt,Brazilian to Foreign,2020,BR,W3030419288,2020,PT,W3111606561
A5038022273,Valderi Reis Quietinho Leithardt,Foreign to Brazilian,2020,PT,W3111606561,2020,"BR, PT",W3086007304
A5038022273,Valderi Reis Quietinho Leithardt,Brazilian to Foreign,2020,BR,W3042483700,2021,PT,W3181322068
A5082364655,Antoine Laurain,Brazilian to Foreign,2022,BR,W3170639968,2024,DE,W4386650403
A5074650590,Elizabeth F. Wanner,Brazilian to Foreign,2017,BR,W4256510202,2018,GB,W4390095370
A5074650590,Elizabeth F. Wanner,Foreign to Brazilian,2018,GB,W2896856241,2019,"BR, US",W4390125078
A5074650590,Elizabeth F. Wanner,Brazilian to Foreign,2020,"BR, GB",W3013715883,2020,GB,W3083549762
A5074650590,Elizabeth F. Wanner,Foreign to Brazilian,2020,GB,W3083549762,2021,BR,W4200172205
A5051186886,Igor Steinmacher,Brazilian to Foreign,2017,"BR, US",W2771529575,2017,US,W2599119317
A5051186886,Igor Steinmacher,Foreign to Brazilian,2017,US,W2773296061,2017,BR,W3007591599
A5051186886,Igor Steinmacher,Brazilian to Foreign,2018,BR,W2810479321,2018,US,W2899117127
A5051186886,Igor Steinmacher,Foreign to Brazilian,2018,US,W2794967409,2018,BR,W2793331673
A5051186886,Igor Steinmacher,Brazilian to Foreign,2018,BR,W2793331673,2018,US,W2807973603
A5051186886,Igor Steinmacher,Foreign to Brazilian,2019,US,W2969916288,2019,BR,W2993461409
A5051186886,Igor Steinmacher,Brazilian to Foreign,2019,BR,W2993461409,2019,US,W2953793053
A5051186886,Igor Steinmacher,Foreign to Brazilian,2019,US,W2954633895,2019,BR,W2973513025
A5051186886,Igor Steinmacher,Brazilian to Foreign,2019,BR,W2973513025,2020,US,W3088373965
A5051186886,Igor Steinmacher,Foreign to Brazilian,2020,US,W3156841992,2020,"BR, US",W3048508766
A5051186886,Igor Steinmacher,Brazilian to Foreign,2020,BR,W3017338766,2020,US,W3014875928
A5051186886,Igor Steinmacher,Foreign to Brazilian,2020,US,W3042278531,2021,"BR, US",W3216550300
A5051186886,Igor Steinmacher,Brazilian to Foreign,2021,BR,W3175778493,2021,US,W3198210936
A5051186886,Igor Steinmacher,Foreign to Brazilian,2021,US,W3198210936,2021,BR,W3204215301
A5051186886,Igor Steinmacher,Brazilian to Foreign,2021,BR,W3163740924,2021,US,W3163812320
A5051186886,Igor Steinmacher,Foreign to Brazilian,2021,US,W3163812320,2021,"BR, US",W3176953535
A5051186886,Igor Steinmacher,Brazilian to Foreign,2021,BR,W3188902790,2022,US,W4299818895
A5051186886,Igor Steinmacher,Foreign to Brazilian,2022,US,W4299818895,2022,BR,W4296534903
A5051186886,Igor Steinmacher,Brazilian to Foreign,2022,"BR, US",W4286530326,2022,US,W4296422554
A5051186886,Igor Steinmacher,Foreign to Brazilian,2022,US,W4296422554,2022,BR,W4297857251
A5051186886,Igor Steinmacher,Brazilian to Foreign,2022,BR,W4297857251,2022,US,W4312966480
A5051186886,Igor Steinmacher,Foreign to Brazilian,2022,US,W4312966480,2022,BR,W4281992937
A5051186886,Igor Steinmacher,Brazilian to Foreign,2022,BR,W4318328337,2023,US,W4386307902
A5089488973,Gilson Miranda,Brazilian to Foreign,2021,"BE, BR",W3215377376,2022,BE,W4290989311
A5089488973,Gilson Miranda,Foreign to Brazilian,2022,BE,W4290989311,2022,"BE, BR",W4283208254
A5089488973,Gilson Miranda,Brazilian to Foreign,2023,"BE, BR",W4376456630,2023,BE,W4389313028
A5089488973,Gilson Miranda,Foreign to Brazilian,2023,BE,W4389313028,2024,"BE, BR",W4399207078
A5089488973,Gilson Miranda,Brazilian to Foreign,2024,"BE, BR",W4399207078,2024,BE,W4400811003
A5038339626,Jetmir Haxhibeqiri,Foreign to Brazilian,2023,BE,W4376456630,2023,BR,W4389313028
A5038339626,Jetmir Haxhibeqiri,Brazilian to Foreign,2023,BR,W4389313028,2024,BE,W4399207078
A5022588449,Jeroen Hoebeke,Foreign to Brazilian,2023,BE,W4376456630,2023,BR,W4389313028
A5022588449,Jeroen Hoebeke,Brazilian to Foreign,2023,BR,W4389313028,2024,BE,W4399207078
A5022887237,Ingrid Moerman,Foreign to Brazilian,2023,BE,W4376456630,2023,BR,W4389313028
A5022887237,Ingrid Moerman,Brazilian to Foreign,2023,BR,W4389313028,2024,BE,W4399207078
A5013277995,Johann M. Márquez-Barja,Foreign to Brazilian,2016,IE,W2463098840,2017,BR,W2768181708
A5013277995,Johann M. Márquez-Barja,Brazilian to Foreign,2017,BR,W2768181708,2017,IE,W2770619913
A5021774396,Willian Zalewski,Brazilian to Foreign,2020,BR,W3003713837,2024,MX,W4399038325
A5021774396,Willian Zalewski,Foreign to Brazilian,2024,MX,W4399038325,2024,BR,W4405599037
A5040105615,André Gustavo Maletzke,Brazilian to Foreign,2017,BR,W2741785324,2018,ES,W2942104254
A5040105615,André Gustavo Maletzke,Foreign to Brazilian,2018,ES,W2942104254,2018,BR,W2809060865
A5039498709,Everson Scherrer Borges,Brazilian to Foreign,2020,"BR, US",W3010363488,2022,US,W4312548469
A5039498709,Everson Scherrer Borges,Foreign to Brazilian,2022,US,W4312548469,2022,BR,W4287576948
A5039498709,Everson Scherrer Borges,Brazilian to Foreign,2022,BR,W4287576948,2023,US,W4381481215
A5039498709,Everson Scherrer Borges,Foreign to Brazilian,2023,US,W4381481215,2023,BR,W4384158091
A5039498709,Everson Scherrer Borges,Brazilian to Foreign,2023,BR,W4384158091,2023,US,W4382864683
A5039498709,Everson Scherrer Borges,Foreign to Brazilian,2023,US,W4382864683,2024,BR,W4394843851
A5058072224,Cristina K. Dominicini,Foreign to Brazilian,2016,US,W2471154662,2016,BR,W2529746786
A5058072224,Cristina K. Dominicini,Brazilian to Foreign,2022,BR,W4226020228,2022,US,W4312548469
A5058072224,Cristina K. Dominicini,Foreign to Brazilian,2022,US,W4312548469,2023,BR,W4384158091
A5023690641,Marinho Barcellos,Brazilian to Foreign,2019,BR,W2970475754,2020,NZ,W3093817880
A5023690641,Marinho Barcellos,Foreign to Brazilian,2020,NZ,W3093817880,2020,"BR, NZ",W3046825568
A5023690641,Marinho Barcellos,Brazilian to Foreign,2020,"BR, NZ",W3046825568,2021,NZ,W3141077842
A5058789806,Ádamo Lima de Santana,Brazilian to Foreign,2017,BR,W2742374908,2018,JP,W2894465739
A5067840480,Lisbeth Corbacho Carazas,Brazilian to Foreign,2021,BR,W3201329685,2024,PE,W4390685947
A5079913216,Ítalo Oliveira,Brazilian to Foreign,2020,BR,W3001014677,2024,IT,W4391881141
A5030998387,Tiago Prince Sales,Brazilian to Foreign,2015,BR,W2182004912,2018,IT,W2900594325
A5065297243,Giancarlo Guizzardi,Brazilian to Foreign,2017,"BR, IT",W2759063855,2018,IT,W2900594325
A5065297243,Giancarlo Guizzardi,Foreign to Brazilian,2018,IT,W2876826100,2018,BR,W2887848532
A5065297243,Giancarlo Guizzardi,Brazilian to Foreign,2019,"BR, IT",W2953712093,2019,IT,W2981618676
A5065297243,Giancarlo Guizzardi,Foreign to Brazilian,2019,IT,W2990635509,2020,"BR, IT",W3049213978
A5065297243,Giancarlo Guizzardi,Brazilian to Foreign,2020,"BR, IT",W3049213978,2021,IT,W3136795127
A5061888694,Billy Pinheiro,Brazilian to Foreign,2021,BR,W3206013742,2023,"GU, US",W4382199995
A5061888694,Billy Pinheiro,Foreign to Brazilian,2023,"GU, US",W4382199995,2023,BR,W4320712851
A5052196896,Daniel Alencar da Costa,Brazilian to Foreign,2016,BR,W2530824252,2017,CA,W2765995407
A5052196896,Daniel Alencar da Costa,Foreign to Brazilian,2017,CA,W2765995407,2017,BR,W2612865512
A5052196896,Daniel Alencar da Costa,Brazilian to Foreign,2017,BR,W2612865512,2018,CA,W2884905421
A5057159900,Marcelo de Souza Lauretto,Brazilian to Foreign,2017,BR,W2996605362,2020,PE,W4255852883
A5057159900,Marcelo de Souza Lauretto,Foreign to Brazilian,2020,PE,W4255852883,2022,BR,W4316036106
A5035359674,Silvia Helena Modenesi Pucci,Foreign to Brazilian,2021,PT,W3210076812,2024,BR,W4399631332
A5016459775,Rodrigo N. Calheiros,Foreign to Brazilian,2017,AU,W2771019015,2017,BR,W2605788902
A5016459775,Rodrigo N. Calheiros,Brazilian to Foreign,2017,BR,W2605788902,2017,AU,W2763348922
A5076465098,George Teodoro,Brazilian to Foreign,2018,BR,W2901658741,2018,US,W2810789862
A5076465098,George Teodoro,Foreign to Brazilian,2018,US,W2810789862,2018,BR,W2902748120
A5006927598,Paulo Freitas de Araujo-Filho,Brazilian to Foreign,2023,BR,W4353004226,2023,CA,W4381300686
A5006927598,Paulo Freitas de Araujo-Filho,Foreign to Brazilian,2023,CA,W4381300686,2024,BR,W4396980126
A5022434209,Fábio Botler,Brazilian to Foreign,2017,BR,W2737816079,2017,CL,W2766499403
A5022434209,Fábio Botler,Foreign to Brazilian,2018,CL,W2917215822,2019,BR,W2981818816
A5003834309,Cristina G. Fernandes,Brazilian to Foreign,2023,BR,W3216012570,2024,PE,W4394924830
A5058772330,Juan Gutiérrez,Brazilian to Foreign,2019,BR,W2978760409,2021,PE,W3123433281
A5023928945,Jó Ueyama,Brazilian to Foreign,2022,BR,W4224256632,2022,GB,W4291274384
A5023928945,Jó Ueyama,Foreign to Brazilian,2022,GB,W4291274384,2023,BR,W4380987026
A5042747380,Uirassú Tupinambá Silva de Lima,Foreign to Brazilian,2020,AR,W3120560037,2023,BR,W4388141978
A5061175028,Vanessa Biondo Ribeiro,Brazilian to Foreign,2017,BR,W2731819717,2024,AU,W4391378498
A5101545086,Geraldo Silveira,Brazilian to Foreign,2018,BR,W2898323530,2020,US,W3111139855
A5101545086,Geraldo Silveira,Foreign to Brazilian,2020,US,W3111139855,2022,BR,W4388807084
A5065650493,Matheus Paixão,Foreign to Brazilian,2016,GB,W2412134529,2019,BR,W2993546554
A5080185369,Alan Oliveira de Sá,Brazilian to Foreign,2021,"BR, PT",W3216953251,2022,PT,W4286572043
A5017887033,Paolo Ferrari,Foreign to Brazilian,2021,IT,W3130855572,2021,BR,W3200264178
A5017887033,Paolo Ferrari,Brazilian to Foreign,2021,BR,W3200264178,2022,IT,W4282924088
A5005367389,Pedro Cravo,Foreign to Brazilian,2018,PT,W2792178466,2020,"BR, PT",W3038117062
A5005367389,Pedro Cravo,Brazilian to Foreign,2020,"BR, PT",W3038117062,2024,PT,W4400780225
A5067632637,Gustavo Capatti Cassiano,Brazilian to Foreign,2023,"BR, PT",W4387529378,2024,PT,W4400780225
A5090561002,Thiago Henrique Bragato Barros,Brazilian to Foreign,2021,BR,W3212465707,2021,PT,W2951886285
A5090561002,Thiago Henrique Bragato Barros,Foreign to Brazilian,2021,PT,W2951886285,2021,BR,W4385370223
A5039130090,Wesley K. G. Assunção,Brazilian to Foreign,2020,BR,W3039621495,2020,NG,W3116338676
A5039130090,Wesley K. G. Assunção,Foreign to Brazilian,2020,NG,W3116338676,2020,BR,W3083298648
A5039130090,Wesley K. G. Assunção,Brazilian to Foreign,2020,BR,W3093872902,2020,NG,W3096369627
A5039130090,Wesley K. G. Assunção,Foreign to Brazilian,2020,NG,W3096369627,2020,BR,W3134892348
A5039130090,Wesley K. G. Assunção,Brazilian to Foreign,2022,BR,W4286214210,2022,AT,W4225857455
A5039130090,Wesley K. G. Assunção,Foreign to Brazilian,2022,AT,W4225857455,2022,BR,W4293153800
A5039130090,Wesley K. G. Assunção,Brazilian to Foreign,2023,"AT, BR",W4384302761,2023,US,W4386179653
A5039130090,Wesley K. G. Assunção,Foreign to Brazilian,2023,US,W4389400028,2023,BR,W4384009783
A5039130090,Wesley K. G. Assunção,Brazilian to Foreign,2023,BR,W4384009783,2024,US,W4400481536
A5039130090,Wesley K. G. Assunção,Foreign to Brazilian,2024,US,W4400481536,2024,"BR, US",W4391067474
A5039130090,Wesley K. G. Assunção,Brazilian to Foreign,2024,"BR, US",W4391067474,2024,US,W4401454862
A5039130090,Wesley K. G. Assunção,Foreign to Brazilian,2024,US,W4399667783,2024,BR,W4391428921
A5039130090,Wesley K. G. Assunção,Brazilian to Foreign,2024,BR,W4391428921,2024,US,W4405601395
A5101466508,Daniel Moreira,Brazilian to Foreign,2017,BR,W2612693684,2017,US,W2962876477
A5101466508,Daniel Moreira,Foreign to Brazilian,2017,US,W2963219740,2017,BR,W2918413273
A5101466508,Daniel Moreira,Brazilian to Foreign,2018,BR,W2811288179,2019,US,W2841457574
A5000795170,Guilherme Schardong,Brazilian to Foreign,2020,BR,W3027933721,2022,PT,W4312657759
A5000795170,Guilherme Schardong,Foreign to Brazilian,2022,PT,W4312657759,2023,"BR, PT",W4378375065
A5000795170,Guilherme Schardong,Brazilian to Foreign,2023,"BR, PT",W4378375065,2024,PT,W4403534692
A5007113074,Fábio Gomes Rocha,Brazilian to Foreign,2022,BR,W4283726368,2022,US,W4210308791
A5007113074,Fábio Gomes Rocha,Foreign to Brazilian,2022,US,W4210308791,2023,BR,W4361223761
A5089689368,Ashish Khanna,Foreign to Brazilian,2018,IN,W2907791773,2019,"BR, IN",W2922829195
A5089689368,Ashish Khanna,Brazilian to Foreign,2019,"BR, IN",W2922829195,2019,IN,W2986423549
A5089689368,Ashish Khanna,Foreign to Brazilian,2019,IN,W2907322847,2020,BR,W3092488277
A5089689368,Ashish Khanna,Brazilian to Foreign,2020,BR,W3092488277,2020,IN,W3013562520
A5023882015,Pedro O. S. Vaz de Melo,Brazilian to Foreign,2016,BR,W2480912627,2016,CA,W2517536578
A5023882015,Pedro O. S. Vaz de Melo,Foreign to Brazilian,2016,CA,W2517536578,2016,BR,W2514340587
A5024202208,Mariana Baptista Brandt,Brazilian to Foreign,2020,BR,W3021289448,2021,PT,W3122151198
A5024590871,Reza Nejabati,Foreign to Brazilian,2017,GB,W2609012919,2018,BR,W2898835161
A5024590871,Reza Nejabati,Brazilian to Foreign,2018,BR,W2898835161,2018,GB,W2794057901
A5030580652,Dimitra Simeonidou,Foreign to Brazilian,2017,GB,W2783440631,2018,BR,W2898835161
A5030580652,Dimitra Simeonidou,Brazilian to Foreign,2018,BR,W2898835161,2018,GB,W2794057901
A5044452531,Guilherme V. Raffo,Brazilian to Foreign,2022,BR,W4282564979,2022,ES,W4206533002
A5044452531,Guilherme V. Raffo,Foreign to Brazilian,2022,ES,W4206533002,2023,BR,W4391021968
A5014737989,Anderson Reis de Sousa,Brazilian to Foreign,2021,BR,W3175678349,2022,PT,W4313067514
A5014737989,Anderson Reis de Sousa,Foreign to Brazilian,2022,PT,W4313067514,2022,BR,W4312504238
A5061729780,Janaína Schwarzrock,Foreign to Brazilian,2017,SK,W2769337697,2017,BR,W2771835563
A5030020915,Júlio Mendonça,Brazilian to Foreign,2022,BR,W4280586704,2024,LU,W4404768470
A5039844827,Cláudio Luís Carvalho Larieira,Foreign to Brazilian,2017,DE,W2734438358,2017,BR,W2780739556
A5039844827,Cláudio Luís Carvalho Larieira,Brazilian to Foreign,2017,BR,W2780739556,2019,DE,W2995119431
A5039844827,Cláudio Luís Carvalho Larieira,Foreign to Brazilian,2019,DE,W2995119431,2021,BR,W3169636381
A5040609024,João Carlos N. Bittencourt,Brazilian to Foreign,2023,BR,W4388088101,2023,PT,W4389045321
A5040609024,João Carlos N. Bittencourt,Foreign to Brazilian,2023,PT,W4389045321,2024,BR,W4400975104
A5091913710,Paulo Portugal,Brazilian to Foreign,2015,BR,W1994680348,2015,PT,W1581944110
A5006855037,Seiji Isotani,Brazilian to Foreign,2023,BR,W4391139162,2023,US,W4391140142
A5006855037,Seiji Isotani,Foreign to Brazilian,2023,US,W4385516365,2023,BR,W4379379236
A5006855037,Seiji Isotani,Brazilian to Foreign,2023,"BR, US",W4321442108,2023,US,W4389883528
A5006855037,Seiji Isotani,Foreign to Brazilian,2024,US,W4401991204,2024,"BR, US",W4393551670
A5106404831,Marcelo Ladeira,Brazilian to Foreign,2018,BR,W2909372716,2019,ID,W2920927714
A5106404831,Marcelo Ladeira,Foreign to Brazilian,2019,ID,W2920927714,2019,BR,W3007227052
A5047785995,Claus Aranha,Brazilian to Foreign,2016,BR,W2184537024,2018,JP,W2909372716
A5005735333,Alberto F. De Souza,Brazilian to Foreign,2015,BR,W2209103479,2015,CL,W2218718890
A5005735333,Alberto F. De Souza,Foreign to Brazilian,2015,CL,W2218718890,2016,BR,W2567454113
A5013981614,Yuri David Santos,Brazilian to Foreign,2016,BR,W2572850622,2018,NL,W2888869643
A5035702776,M. C. de Oliveira,Brazilian to Foreign,2020,BR,W3095747429,2020,MK,W3099103155
A5035702776,M. C. de Oliveira,Foreign to Brazilian,2020,MK,W3099103155,2022,BR,W4210378068
A5039374886,Genaína Nunes Rodrigues,Brazilian to Foreign,2021,BR,W3175020838,2022,ID,W4295681740
A5039374886,Genaína Nunes Rodrigues,Foreign to Brazilian,2022,ID,W4295681740,2022,BR,W4297518709
A5011219553,Junior Costa de Jesus,Brazilian to Foreign,2023,BR,W4389332202,2023,GB,W4389332619
A5011219553,Junior Costa de Jesus,Foreign to Brazilian,2023,GB,W4389332619,2024,BR,W4403677066
A5021236304,Luiz Affonso Guedes,Brazilian to Foreign,2019,BR,W2995532571,2019,IE,W3006475672
A5021236304,Luiz Affonso Guedes,Foreign to Brazilian,2019,IE,W3006475672,2019,BR,W2986698571
A5004074361,Teodorico C. Ramalho,Brazilian to Foreign,2020,BR,W3084277422,2021,CZ,W3142527663
A5004074361,Teodorico C. Ramalho,Foreign to Brazilian,2021,CZ,W3142527663,2021,"BR, CZ",W3196138388
A5004074361,Teodorico C. Ramalho,Brazilian to Foreign,2021,"BR, CZ",W3208761629,2023,CZ,W4366963555
A5004074361,Teodorico C. Ramalho,Foreign to Brazilian,2023,CZ,W4366963555,2023,BR,W4318713126
A5086500001,Eduardo Fernandes,Brazilian to Foreign,2020,BR,W3085541756,2023,DK,W4389988511
A5086500001,Eduardo Fernandes,Foreign to Brazilian,2023,DK,W4389988511,2023,BR,W4382991315
A5086500001,Eduardo Fernandes,Brazilian to Foreign,2023,BR,W4382991315,2024,DK,W4401454940
A5066894791,Alan T. L. Bacellar,Brazilian to Foreign,2024,BR,W4402353809,2024,US,W4406265128
A5066894791,Alan T. L. Bacellar,Foreign to Brazilian,2024,US,W4406265128,2024,BR,W4402727595
A5043334547,Laércio Lima Pilla,Brazilian to Foreign,2018,BR,W2806946431,2018,FR,W2955730892
A5043334547,Laércio Lima Pilla,Foreign to Brazilian,2018,FR,W2955730892,2018,BR,W3110947901
A5043334547,Laércio Lima Pilla,Brazilian to Foreign,2018,BR,W3110947901,2018,FR,W2921946800
A5072159665,Neyson Pinheiro Freire,Brazilian to Foreign,2020,BR,W3127367775,2020,CH,W3046596278
A5072159665,Neyson Pinheiro Freire,Foreign to Brazilian,2020,CH,W3046596278,2024,BR,W4401885169
A5065705195,Patrick C. K. Hung,Foreign to Brazilian,2021,CA,W3128605366,2021,"BR, CA",W3157460345
A5065705195,Patrick C. K. Hung,Brazilian to Foreign,2021,"BR, CA",W3157460345,2021,CA,W3135507030
A5014642852,Fernanda Madeiral,Brazilian to Foreign,2019,BR,W2924175345,2023,NL,W4367299501
A5033542289,Wallace S. Lages,Brazilian to Foreign,2016,BR,W2344974356,2017,US,W2636455268
A5033542289,Wallace S. Lages,Foreign to Brazilian,2017,US,W2735165076,2018,BR,W2889017962
A5033542289,Wallace S. Lages,Brazilian to Foreign,2018,BR,W2889017962,2024,US,W4402521061
A5058282696,Eddie B. de Lima Filho,Brazilian to Foreign,2020,BR,W3005140031,2020,HK,W3013644018
A5058282696,Eddie B. de Lima Filho,Foreign to Brazilian,2020,HK,W3013644018,2021,"BR, HK",W4200186592
A5058282696,Eddie B. de Lima Filho,Brazilian to Foreign,2022,"BR, HK",W4300963064,2023,HK,W4388878394
A5057689302,Lucas C. Cordeiro,Brazilian to Foreign,2016,BR,W2293790689,2017,GB,W2753540996
A5057689302,Lucas C. Cordeiro,Foreign to Brazilian,2017,GB,W2753540996,2017,"BR, GB",W2591854981
A5057689302,Lucas C. Cordeiro,Brazilian to Foreign,2017,"BR, GB",W2755348794,2017,GB,W2767794732
A5057689302,Lucas C. Cordeiro,Foreign to Brazilian,2017,GB,W2767794732,2017,"BR, GB",W2770846701
A5057689302,Lucas C. Cordeiro,Brazilian to Foreign,2017,"BR, GB",W2774769503,2018,GB,W2899262313
A5057689302,Lucas C. Cordeiro,Foreign to Brazilian,2021,GB,W3189928571,2021,"BR, GB",W4200186592
A5057689302,Lucas C. Cordeiro,Brazilian to Foreign,2022,BR,W4295907566,2022,GB,W4282601909
A5057689302,Lucas C. Cordeiro,Foreign to Brazilian,2022,GB,W4282601909,2022,"BR, GB",W4313043010
A5057689302,Lucas C. Cordeiro,Brazilian to Foreign,2022,"BR, GB",W4300963064,2023,GB,W4388878394
A5057689302,Lucas C. Cordeiro,Foreign to Brazilian,2023,GB,W4388878394,2023,"BR, GB",W4384009740
A5057689302,Lucas C. Cordeiro,Brazilian to Foreign,2023,BR,W4388966845,2023,GB,W4391828575
A5057689302,Lucas C. Cordeiro,Foreign to Brazilian,2023,GB,W4379742296,2024,"BR, GB",W4402442998
A5080874778,M. T. de Melo,Foreign to Brazilian,2015,KR,W2314363874,2022,BR,W4310889073
A5014675864,Carolina Veiga,Brazilian to Foreign,2022,BR,W4210663852,2023,US,W4387885600
A5065868869,Nivan Ferreira,Foreign to Brazilian,2015,US,W1969722012,2016,BR,W2507341542
A5083220583,Fábio Miranda,Foreign to Brazilian,2018,US,W2789787894,2020,"BR, US",W3128919676
A5083220583,Fábio Miranda,Brazilian to Foreign,2020,"BR, US",W3128919676,2021,US,W3187025953
A5017698959,Letícia Rittner,Brazilian to Foreign,2019,BR,W2962930554,2019,FR,W2952735543
A5017698959,Letícia Rittner,Foreign to Brazilian,2019,FR,W2952735543,2024,BR,W4401748775
A5049011757,Gabriel Bertocco,Brazilian to Foreign,2023,BR,W4382203483,2023,US,W4392411903
A5049011757,Gabriel Bertocco,Foreign to Brazilian,2023,US,W4392411903,2024,BR,W4401726091
A5016760549,Daniel Alves,Brazilian to Foreign,2018,BR,W2899744403,2024,PT,W4401725662
A5006161633,Suemi Higuchi,Brazilian to Foreign,2018,BR,W2805348161,2024,PT,W4401725662
A5014230231,Alan C. Santos,Brazilian to Foreign,2022,"BR, SE",W3210766443,2023,SE,W4388697851
A5014230231,Alan C. Santos,Foreign to Brazilian,2023,SE,W4388697851,2023,"BR, SE",W4313463025
A5014230231,Alan C. Santos,Brazilian to Foreign,2023,BR,W4386770045,2024,ES,W4401718763
A5014230231,Alan C. Santos,Foreign to Brazilian,2024,ES,W4401718763,2024,"BR, ES",W4395484063
A5062944805,Maiara F. Bollauf,Brazilian to Foreign,2021,"BR, NO, US",W3194522017,2024,NO,W4401694183
A5050461785,Bianca Minetto Napoleão,Brazilian to Foreign,2020,BR,W3042492138,2020,CA,W3093531863
A5050461785,Bianca Minetto Napoleão,Foreign to Brazilian,2020,CA,W3093531863,2021,BR,W3138966960
A5050461785,Bianca Minetto Napoleão,Brazilian to Foreign,2021,BR,W3138966960,2022,CA,W4316657899
A5008013233,Fábio Petrillo,Brazilian to Foreign,2015,BR,W2103843930,2016,CA,W2399763579
A5008013233,Fábio Petrillo,Foreign to Brazilian,2016,CA,W2399763579,2016,"BR, CA",W2464287954
A5008013233,Fábio Petrillo,Brazilian to Foreign,2016,"BR, CA",W2527840817,2018,US,W2794636447
A5029910583,Ricardo Britto,Foreign to Brazilian,2015,SE,W1538778494,2015,BR,W3166851926
A5029910583,Ricardo Britto,Brazilian to Foreign,2015,BR,W3166851926,2016,SE,W2557297217
A5029910583,Ricardo Britto,Foreign to Brazilian,2016,SE,W2557297217,2016,"BR, SE",W2513406300
A5029910583,Ricardo Britto,Brazilian to Foreign,2018,"BR, SE",W2800825768,2019,SE,W2974847808
A5029910583,Ricardo Britto,Foreign to Brazilian,2019,SE,W2991592460,2020,BR,W3093481113
A5029910583,Ricardo Britto,Brazilian to Foreign,2020,BR,W3093481113,2021,SE,W3160848646
A5052547062,Elias P. Duarte,Brazilian to Foreign,2021,BR,W4205514287,2021,US,W3178583566
A5052547062,Elias P. Duarte,Foreign to Brazilian,2021,US,W3178583566,2021,BR,W4205174443
A5062727998,Fernanda Miyuki Yamada,Brazilian to Foreign,2019,BR,W2994075339,2020,JP,W3037184009
A5049640992,Alexandre César Muniz de Oliveira,Brazilian to Foreign,2018,BR,W2787916552,2018,GB,W2905041909
A5049640992,Alexandre César Muniz de Oliveira,Foreign to Brazilian,2018,GB,W2905041909,2018,BR,W2906905181
A5065060873,Alceu Bissoto,Brazilian to Foreign,2024,BR,W4391511926,2024,CH,W4405304696
A5065060873,Alceu Bissoto,Foreign to Brazilian,2024,CH,W4405304696,2024,BR,W4402916371
A5100455129,Hang Li,Brazilian to Foreign,2017,BR,W2770385689,2023,CN,W4387741671
A5065441606,José Pereira,Foreign to Brazilian,2019,PT,W2999865513,2024,"BR, PT",W4402041843
A5054409160,João Paulo,Foreign to Brazilian,2019,PT,W2999865513,2021,"BR, PT",W3215376949
A5110645706,Wilk Oliveira,Brazilian to Foreign,2021,BR,W3183037781,2024,FI,W4401991204
A5076792725,Carlile Lavor,Brazilian to Foreign,2016,BR,W2325936050,2017,US,W2675961628
A5076792725,Carlile Lavor,Foreign to Brazilian,2017,US,W2675961628,2017,BR,W2765471166
A5089721393,Márcio Eduardo Delamaro,Brazilian to Foreign,2015,BR,W2271872766,2016,ES,W2913240670
A5089721393,Márcio Eduardo Delamaro,Foreign to Brazilian,2016,ES,W2913240670,2016,BR,W2555399649
A5089721393,Márcio Eduardo Delamaro,Brazilian to Foreign,2017,BR,W2913784326,2017,PE,W2754147977
A5089721393,Márcio Eduardo Delamaro,Foreign to Brazilian,2017,PE,W2754147977,2017,BR,W2606536767
A5089721393,Márcio Eduardo Delamaro,Brazilian to Foreign,2019,BR,W2974847808,2019,ES,W2988318083
A5089721393,Márcio Eduardo Delamaro,Foreign to Brazilian,2019,ES,W2988318083,2019,BR,W3022140360
A5049209193,Márcio Niemeyer Martins de Queiroz Guimarães,Brazilian to Foreign,2020,BR,W3112741975,2024,"GB, US",W4392856998
A5068547531,Marisa Gutiérrez,Brazilian to Foreign,2020,BR,W3084238658,2022,AR,W4292229918
A5003870082,Fabio Andrade,Brazilian to Foreign,2019,"BR, NO",W2974809093,2021,NO,W4200316331
A5003870082,Fabio Andrade,Foreign to Brazilian,2021,NO,W4200316331,2021,BR,W3199699084
A5003870082,Fabio Andrade,Brazilian to Foreign,2021,BR,W3199699084,2022,NO,W4220953675
A5025235658,Martin Andreoni Lopez,Brazilian to Foreign,2017,BR,W2782336203,2017,FR,W4300214102
A5025235658,Martin Andreoni Lopez,Foreign to Brazilian,2017,FR,W4300784420,2018,BR,W2921180378
A5025235658,Martin Andreoni Lopez,Brazilian to Foreign,2019,"BR, FR",W2946704785,2019,FR,W2955559202
A5025235658,Martin Andreoni Lopez,Foreign to Brazilian,2019,FR,W2955559202,2020,BR,W3045849030
A5025235658,Martin Andreoni Lopez,Brazilian to Foreign,2021,"BR, FR",W3195857193,2021,AE,W4206290226
A5090128156,Victor Oliveira Santos,Brazilian to Foreign,2022,BR,W4226148019,2024,CA,W4400875915
A5021360591,Ítalo Santos,Brazilian to Foreign,2021,BR,W3166902963,2022,US,W4299818895
A5051401475,Israel F. Araujo,Brazilian to Foreign,2023,"BR, KR",W4390323250,2023,KR,W4387917696
A5051401475,Israel F. Araujo,Foreign to Brazilian,2023,KR,W4385154300,2023,BR,W3195877990
A5051401475,Israel F. Araujo,Brazilian to Foreign,2023,BR,W3195877990,2024,KR,W4391345864
A5009386864,Thibaut Vidal,Brazilian to Foreign,2021,"BR, CA",W3171466432,2023,CA,W4382239166
A5009386864,Thibaut Vidal,Foreign to Brazilian,2023,CA,W4382239166,2024,"BR, CA",W4391508918
A5031032375,Vinícius Veloso de Melo,Brazilian to Foreign,2019,BR,W2985353979,2020,CA,W3081052986
A5031032375,Vinícius Veloso de Melo,Foreign to Brazilian,2020,CA,W3081052986,2021,BR,W3183280139
A5031032375,Vinícius Veloso de Melo,Brazilian to Foreign,2021,BR,W3183280139,2021,CA,W3194342044
A5033631304,Euclides Lourenço Chuma,Brazilian to Foreign,2020,BR,W3095517106,2023,SE,W4391217298
A5033631304,Euclides Lourenço Chuma,Foreign to Brazilian,2023,SE,W4391217298,2024,BR,W4400242057
A5021874807,Ângela Maria Alves,Brazilian to Foreign,2015,BR,W2530146647,2015,US,W2025109232
A5021874807,Ângela Maria Alves,Foreign to Brazilian,2015,US,W2025109232,2024,BR,W4400242057
A5045531611,Nicolas Ferranti,Brazilian to Foreign,2021,BR,W3154670851,2024,AT,W4401812038
A5047339569,Jairo Francisco de Souza,Brazilian to Foreign,2022,BR,W4285803066,2022,US,W4311017889
A5047339569,Jairo Francisco de Souza,Foreign to Brazilian,2022,US,W4311017889,2022,BR,W4311009018
A5041145702,Rafael Izbicki,Brazilian to Foreign,2016,"BR, US",W2270035949,2017,US,W2767953584
A5041145702,Rafael Izbicki,Foreign to Brazilian,2017,US,W2767953584,2017,"BR, US",W2962789183
A5071521366,Edirlei Soares de Lima,Brazilian to Foreign,2017,BR,W2584143359,2018,PT,W2911640755
A5071521366,Edirlei Soares de Lima,Foreign to Brazilian,2018,PT,W2911640755,2018,BR,W2893526753
A5071521366,Edirlei Soares de Lima,Brazilian to Foreign,2018,BR,W2889515437,2019,PT,W2995782662
A5001979247,Kei Sawada,Brazilian to Foreign,2018,BR,W2803268054,2024,CL,W4401511342
A5004098224,S. P. Walborn,Brazilian to Foreign,2021,"BR, CL",W3034344447,2021,CL,W3129100196
A5068945291,Ana Paula Chaves,Brazilian to Foreign,2022,"BR, US",W4206735990,2023,US,W4366590483
A5064690343,Leonardo A. Ferreira,Brazilian to Foreign,2022,BR,W4286790011,2024,US,W4401007975
A5059093687,Vı́tor Santos Costa,Foreign to Brazilian,2016,PT,W2561609439,2024,BR,W4395662112
A5114140963,Matheus Torquato,Brazilian to Foreign,2019,BR,W2975523493,2019,PT,W2983456360
A5114140963,Matheus Torquato,Foreign to Brazilian,2019,PT,W2983456360,2019,BR,W3006042012
A5114140963,Matheus Torquato,Brazilian to Foreign,2020,"BR, PT",W3003279768,2020,PT,W3009393875
A5114140963,Matheus Torquato,Foreign to Brazilian,2020,PT,W3009393875,2021,"BR, PT",W4200446297
A5114140963,Matheus Torquato,Brazilian to Foreign,2021,"BR, PT",W4200446297,2021,PT,W3199761542
A5114140963,Matheus Torquato,Foreign to Brazilian,2021,PT,W3199761542,2021,"BR, PT",W4211101412
A5073156082,Reinaldo A. C. Bianchi,Brazilian to Foreign,2017,BR,W2964103606,2017,ES,W2775224638
A5073156082,Reinaldo A. C. Bianchi,Foreign to Brazilian,2017,ES,W2775224638,2017,BR,W2783162182
A5019231404,Fernanda S. Tonin,Brazilian to Foreign,2022,BR,W4205795357,2023,PT,W4382918674
A5010865156,Henrique K. Miyamoto,Brazilian to Foreign,2022,"BR, FR",W3209475909,2022,FR,W4312057594
A5061101324,Eduardo K. Viegas,Brazilian to Foreign,2020,BR,W3045849030,2020,PR,W4285620308
A5061101324,Eduardo K. Viegas,Foreign to Brazilian,2020,PR,W4285620308,2020,BR,W3110519180
A5061101324,Eduardo K. Viegas,Brazilian to Foreign,2021,BR,W4210683250,2022,AE,W4310172539
A5061101324,Eduardo K. Viegas,Foreign to Brazilian,2022,AE,W4320029432,2022,"AE, BR",W4295916558
A5073025551,Altair O. Santin,Brazilian to Foreign,2015,BR,W1941105299,2016,PR,W4320525999
A5073025551,Altair O. Santin,Foreign to Brazilian,2016,PR,W4320525999,2016,BR,W2343841005
A5073025551,Altair O. Santin,Brazilian to Foreign,2019,BR,W2921188540,2020,PR,W4285620308
A5073025551,Altair O. Santin,Foreign to Brazilian,2020,PR,W4285620308,2020,BR,W3110519180
A5049251780,Éverton de Matos,Brazilian to Foreign,2020,BR,W3093518002,2021,AE,W3138993025
A5036248300,Ihosvany Camps,Brazilian to Foreign,2024,BR,W4403498354,2024,CA,W4399783878
A5081919424,Francesco Petruccione,Foreign to Brazilian,2021,KR,W3047378565,2022,"BR, ZA",W4283362028
A5081919424,Francesco Petruccione,Brazilian to Foreign,2022,"BR, ZA",W4283362028,2023,ZA,W3195877990
A5030042907,Joao U. F. Lizárraga,Foreign to Brazilian,2020,PE,W3099444890,2023,BR,W4385769490
A5018752800,Filipe Dwan Pereira,Brazilian to Foreign,2019,BR,W2990376579,2020,US,W3084854016
A5018752800,Filipe Dwan Pereira,Foreign to Brazilian,2020,US,W3084854016,2020,"BR, GB",W3028243744
A5063761460,Diego Furtado Silva,Foreign to Brazilian,2015,ES,W2408482937,2015,BR,W2252617635
A5012220923,Geraldo André Raposo Ramos,Brazilian to Foreign,2018,BR,W2905404398,2024,"CN, RU",W4394916053
A5087162817,Everlândio Fernandes,Brazilian to Foreign,2019,BR,W2942097997,2024,KH,W4401478512
A5069499774,Antonio Guimarães,Brazilian to Foreign,2021,BR,W3134663857,2024,ES,W4400953596
A5020557476,Diego F. Aranha,Brazilian to Foreign,2019,"BR, DK",W2994631013,2019,DK,W2981599111
A5020557476,Diego F. Aranha,Foreign to Brazilian,2019,DK,W2995602410,2020,"BR, DK",W4253628591
A5020557476,Diego F. Aranha,Brazilian to Foreign,2020,"BR, DK",W4253628591,2020,DK,W4285620279
A5020557476,Diego F. Aranha,Foreign to Brazilian,2020,DK,W3085278256,2020,"BR, DK",W3011736806
A5020557476,Diego F. Aranha,Brazilian to Foreign,2020,"BR, DK",W2786175562,2021,DK,W3198716536
A5070252940,Juliana Saraiva,Brazilian to Foreign,2019,BR,W2979700521,2019,ES,W2980548989
A5070252940,Juliana Saraiva,Foreign to Brazilian,2019,ES,W2980548989,2024,BR,W4405587901
A5008221556,Leonardo Marques,Brazilian to Foreign,2021,BR,W3159939145,2024,FR,W4392731223
A5079499583,André C. P. L. F. de Carvalho,Brazilian to Foreign,2015,BR,W2219140802,2015,ES,W1990165991
A5079499583,André C. P. L. F. de Carvalho,Foreign to Brazilian,2015,ES,W1990165991,2015,BR,W1631708156
A5079499583,André C. P. L. F. de Carvalho,Brazilian to Foreign,2015,BR,W1631708156,2015,ES,W821095363
A5079499583,André C. P. L. F. de Carvalho,Foreign to Brazilian,2015,ES,W821095363,2015,BR,W1617839798
A5070111950,Marco Zennaro,Foreign to Brazilian,2024,IT,W4399345856,2024,"BR, IT",W4398184415
A5016492093,Stéfano Frizzo Stefenon,Brazilian to Foreign,2020,BR,W3097203985,2021,CA,W3197903162
A5016492093,Stéfano Frizzo Stefenon,Foreign to Brazilian,2021,CA,W3197903162,2021,"BR, CA",W3185709478
A5016492093,Stéfano Frizzo Stefenon,Brazilian to Foreign,2021,"BR, CA",W3185709478,2022,IT,W4214566202
A5065766621,Marcelo Ramos Martins,Foreign to Brazilian,2018,US,W2895070387,2021,BR,W3198247281
A5061596292,Flávio de Oliveira Silva,Foreign to Brazilian,2015,MZ,W3161763531,2015,BR,W3159458043
A5061596292,Flávio de Oliveira Silva,Brazilian to Foreign,2019,BR,W2980834685,2019,DE,W2980682511
A5061596292,Flávio de Oliveira Silva,Foreign to Brazilian,2019,DE,W2980682511,2019,BR,W2969596700
A5061596292,Flávio de Oliveira Silva,Brazilian to Foreign,2022,BR,W4312723685,2022,US,W4312547695
A5061596292,Flávio de Oliveira Silva,Foreign to Brazilian,2022,US,W4312547695,2022,BR,W4312579309
A5061596292,Flávio de Oliveira Silva,Brazilian to Foreign,2024,BR,W4393096668,2024,PT,W4405937874
A5081007016,Thales Kronenberger,Brazilian to Foreign,2017,BR,W2735080382,2018,DE,W2896934923
A5052234085,Jean C. S. Rosa,Brazilian to Foreign,2017,BR,W2767563295,2019,PT,W2968968776
A5052234085,Jean C. S. Rosa,Foreign to Brazilian,2019,PT,W2968968776,2019,BR,W2990361566
A5014386177,Francisco José Lopes de Lima,Brazilian to Foreign,2015,BR,W2179553404,2017,GW,W2612760813
A5014386177,Francisco José Lopes de Lima,Foreign to Brazilian,2017,GW,W2612760813,2019,BR,W2969600975
A5005036651,Tapas Si,Foreign to Brazilian,2022,IN,W4312096211,2022,BR,W4294811627
A5005036651,Tapas Si,Brazilian to Foreign,2022,BR,W4294811627,2022,IN,W4205853483
A5065871290,Thiago A. L. Genez,Brazilian to Foreign,2017,BR,W2744433475,2018,CH,W2908615848
A5012870378,Pedro Antonino,Brazilian to Foreign,2016,BR,W2345401972,2023,GB,W4387344144
A5009099532,Fernando V. Paulovich,Brazilian to Foreign,2018,BR,W2909982318,2019,CA,W2995518544
A5009099532,Fernando V. Paulovich,Foreign to Brazilian,2019,CA,W2971335312,2019,BR,W4237703906
A5009099532,Fernando V. Paulovich,Brazilian to Foreign,2020,"BR, CA",W3023454035,2020,CA,W3003718360
A5009099532,Fernando V. Paulovich,Foreign to Brazilian,2020,CA,W3003718360,2020,"BR, CA",W3082309692
A5009099532,Fernando V. Paulovich,Brazilian to Foreign,2020,"BR, CA",W3105843598,2020,CA,W3010691050
A5009099532,Fernando V. Paulovich,Foreign to Brazilian,2020,CA,W3010691050,2020,"BR, CA",W3005749067
A5009099532,Fernando V. Paulovich,Brazilian to Foreign,2020,"BR, CA",W3005749067,2021,CA,W4322623809
A5055188702,Rafael M. Martins,Brazilian to Foreign,2015,BR,W2179354670,2015,NL,W2322815201
A5048176688,Tiago Novello,Brazilian to Foreign,2023,BR,W4378375065,2024,FR,W4402727324
A5048176688,Tiago Novello,Foreign to Brazilian,2024,FR,W4402727324,2024,BR,W4400969931
A5074762010,Hallison Paz,Brazilian to Foreign,2023,BR,W4378375065,2024,FR,W4402727324
A5074762010,Hallison Paz,Foreign to Brazilian,2024,FR,W4402727324,2024,BR,W4400969931
A5015241528,Luiz Velho,Brazilian to Foreign,2023,BR,W4379654793,2024,FR,W4402727324
A5015241528,Luiz Velho,Foreign to Brazilian,2024,FR,W4402727324,2024,BR,W4400969931
A5001680293,Georcki Ropón‐Palacios,Brazilian to Foreign,2024,BR,W4400856163,2024,CA,W4399783878
A5001800899,Ellen Francine Barbosa,Brazilian to Foreign,2015,BR,W2548091912,2016,ES,W2664211451
A5001800899,Ellen Francine Barbosa,Foreign to Brazilian,2016,ES,W2664211451,2016,BR,W2481885724
A5029015672,Sérgio Soares,Brazilian to Foreign,2016,BR,W2523427633,2017,US,W2773218746
A5029015672,Sérgio Soares,Foreign to Brazilian,2017,US,W2773218746,2017,BR,W2624241723
A5000500524,Diego C. Nascimento,Brazilian to Foreign,2020,BR,W3047138696,2022,CL,W4283835713
A5001440805,Débora Pereira Salgado,Brazilian to Foreign,2019,"BR, IE",W2990611540,2020,IE,W3037191977
A5001440805,Débora Pereira Salgado,Foreign to Brazilian,2022,IE,W4290097565,2024,BR,W4398202347
A5058658634,Matheus F. Torquato,Foreign to Brazilian,2021,GB,W3199741964,2024,BR,W4399744035
A5048556407,Marcelo A. C. Fernandes,Brazilian to Foreign,2020,"BR, US",W3008180137,2020,GB,W3046719461
A5048556407,Marcelo A. C. Fernandes,Foreign to Brazilian,2020,GB,W3046719461,2020,BR,W3105097615
A5051931293,Juliana Alves Pereira,Brazilian to Foreign,2016,BR,W2351759765,2017,DE,W2617128996
A5051931293,Juliana Alves Pereira,Foreign to Brazilian,2018,DE,W2891031586,2020,BR,W3115806781
A5061817648,Cláudio D. G. Linhares,Brazilian to Foreign,2023,BR,W4386934600,2024,SE,W4398234804
A5065225583,Barış Çakmak,Brazilian to Foreign,2015,BR,W2086946330,2015,TR,W2949114578
A5065225583,Barış Çakmak,Foreign to Brazilian,2015,TR,W2949114578,2015,BR,W2153041203
A5065225583,Barış Çakmak,Brazilian to Foreign,2015,BR,W2153041203,2019,TR,W3098659725
A5022130062,Göktuğ Karpat,Brazilian to Foreign,2017,"BR, TR",W2611115804,2019,TR,W3098659725
A5034124381,Francisco Oliveira,Brazilian to Foreign,2019,BR,W3011466192,2019,NO,W3103789989
A5034124381,Francisco Oliveira,Foreign to Brazilian,2019,NO,W3103789989,2020,BR,W3115254053
A5053851371,Márcio Fontana Catapan,Brazilian to Foreign,2019,BR,W2999580165,2022,"FR, US",W4309796340
A5053851371,Márcio Fontana Catapan,Foreign to Brazilian,2022,"FR, US",W4309796340,2022,BR,W4309204528
A5053851371,Márcio Fontana Catapan,Brazilian to Foreign,2023,BR,W4389082449,2024,US,W4401761302
A5053851371,Márcio Fontana Catapan,Foreign to Brazilian,2024,US,W4401761302,2024,BR,W4402957719
A5033482780,Hélida Santos,Brazilian to Foreign,2022,"BR, ES",W4295768106,2022,PR,W4288871167
A5033482780,Hélida Santos,Foreign to Brazilian,2022,PR,W4288871167,2023,BR,W4390679255
A5027235988,Bruno Oliveira,Foreign to Brazilian,2023,PT,W4389576884,2024,BR,W4404695137
A5037041582,Paulo Drews,Brazilian to Foreign,2018,BR,W2903746868,2018,US,W2903936266
A5037041582,Paulo Drews,Foreign to Brazilian,2018,US,W2903936266,2018,BR,W2907654873
A5073632183,Felipe Meneguzzi,Brazilian to Foreign,2018,BR,W2808246468,2018,US,W2885753903
A5073632183,Felipe Meneguzzi,Foreign to Brazilian,2018,US,W2885561176,2018,"BR, US",W2902461836
A5073632183,Felipe Meneguzzi,Brazilian to Foreign,2022,BR,W4283799439,2023,GB,W4379620355
A5073632183,Felipe Meneguzzi,Foreign to Brazilian,2023,GB,W4379620355,2023,"BR, GB",W4382202928
A5038975596,Jean Araújo,Brazilian to Foreign,2023,BR,W4385831482,2024,PT,W4396872525
A5075799593,Stuart Clayman,Brazilian to Foreign,2018,BR,W2889698016,2019,GB,W2969767986
A5112056444,Pedro H. C. Avelar,Brazilian to Foreign,2020,BR,W3109591148,2024,GB,W4396938615
A5025783384,Bruno Farias,Brazilian to Foreign,2020,BR,W3013644018,2022,HK,W4300963064
A5007059703,Takashi Yoneyama,Brazilian to Foreign,2020,BR,W3123244128,2020,US,W3119629976
A5007059703,Takashi Yoneyama,Foreign to Brazilian,2020,US,W3119629976,2021,BR,W3214857848
A5032492530,Marcelo Pasin,Foreign to Brazilian,2018,GB,W2910880444,2018,BR,W2807254316
A5032492530,Marcelo Pasin,Brazilian to Foreign,2018,BR,W2807254316,2019,CH,W3013098006
A5010484982,Tereza Cristina Melo de Brito Carvalho,Brazilian to Foreign,2016,BR,W2575200526,2016,SE,W2584577256
A5010484982,Tereza Cristina Melo de Brito Carvalho,Foreign to Brazilian,2016,SE,W2584577256,2016,BR,W2482612959
A5045197941,Ingrid Weingärtner Reis,Foreign to Brazilian,2023,EC,W4399996040,2024,"BR, EC",W4393944485
A5032910388,Davi Viana,Brazilian to Foreign,2020,BR,W3089339499,2020,MX,W3114026203
A5032910388,Davi Viana,Foreign to Brazilian,2020,MX,W3114026203,2020,BR,W3113672193
A5056815645,William Simão de Deus,Brazilian to Foreign,2017,BR,W2734670192,2017,SK,W2772130947
A5056815645,William Simão de Deus,Foreign to Brazilian,2017,SK,W2772130947,2017,BR,W2734413418
A5048890204,Augusto Neto,Brazilian to Foreign,2017,BR,W2770476576,2018,PT,W2809241551
A5048890204,Augusto Neto,Foreign to Brazilian,2018,PT,W2885797245,2018,BR,W2890670192
A5048890204,Augusto Neto,Brazilian to Foreign,2020,BR,W3127294607,2020,PT,W3114970733
A5048890204,Augusto Neto,Foreign to Brazilian,2020,PT,W3114970733,2021,BR,W3212748983
A5021392896,Cássio Prazeres,Brazilian to Foreign,2019,BR,W2942505722,2019,US,W2967475085
A5021392896,Cássio Prazeres,Foreign to Brazilian,2019,US,W2967475085,2020,BR,W3091783553
A5072565295,Silva Santos,Brazilian to Foreign,2022,BR,W4388806771,2024,IE,W4391997102
A5022708886,Erivelton G. Nepomuceno,Brazilian to Foreign,2021,BR,W3196000978,2022,IE,W4388806771
A5021671858,Fábio Borges,Foreign to Brazilian,2015,DE,W2291877322,2016,BR,W2474990480
A5073057205,Pablo Barros,Foreign to Brazilian,2020,IT,W3101028550,2021,"BR, IT",W3164594127
A5073057205,Pablo Barros,Brazilian to Foreign,2021,"BR, IT",W3164594127,2022,IT,W4300938283
A5035616845,Joris Guérin,Brazilian to Foreign,2020,BR,W3130983903,2021,FR,W4285345335
A5004716500,Nelson José Freitas da Silveira,Brazilian to Foreign,2018,BR,W2896773769,2018,PT,W2763848918
A5004716500,Nelson José Freitas da Silveira,Foreign to Brazilian,2018,PT,W2763848918,2021,BR,W3164009584
A5087120772,Martina Veit‐Acosta,Brazilian to Foreign,2019,BR,W2970456185,2021,US,W3192316319
A5024857870,Wagner Ourique de Morais,Brazilian to Foreign,2017,BR,W2599950327,2023,SE,W4386492960
A5021316298,Ruben Glatt,Brazilian to Foreign,2020,BR,W3014664339,2024,US,W4400314852
A5078212008,Luiz Morais,Brazilian to Foreign,2020,"BR, FR",W3083781306,2021,FR,W3177047782
A5078212008,Luiz Morais,Foreign to Brazilian,2022,FR,W4306644822,2024,BR,W4405585690
A5007937949,Majid Mirmehdi,Brazilian to Foreign,2016,"BR, FR",W2614035153,2024,GB,W4405673711
A5068751710,Ana C. R. Paiva,Foreign to Brazilian,2020,PT,W3083004192,2021,"BR, CA, LU, PT, US",W4252327773
A5068751710,Ana C. R. Paiva,Brazilian to Foreign,2021,"BR, CA, LU, PT, US",W4252327773,2023,PT,W4387711872
A5085080986,Elaine Venson,Brazilian to Foreign,2018,BR,W2890812926,2019,US,W2980596464
A5085080986,Elaine Venson,Foreign to Brazilian,2019,US,W2980596464,2021,BR,W3134104754
A5103241943,Fumio Machida,Brazilian to Foreign,2019,"BR, JP",W3005740671,2021,JP,W3174526967
A5107071392,Maria José Ferreira,Foreign to Brazilian,2023,PT,W4376630055,2024,BR,W4405709939
A5063332219,André Bannwart Perina,Brazilian to Foreign,2018,BR,W2951219930,2019,DE,W3003393365
A5063332219,André Bannwart Perina,Foreign to Brazilian,2019,DE,W3001661588,2021,BR,W3199063516
A5024739574,Jürgen Becker,Brazilian to Foreign,2015,BR,W2285000253,2019,DE,W3003393365
A5059051408,Daniel Méndez,Foreign to Brazilian,2015,PK,W1570906440,2015,BR,W4242687617
A5059051408,Daniel Méndez,Brazilian to Foreign,2015,BR,W4242687617,2015,"DE, ES",W3099126567
A5077838041,Gabriel H. Nunes,Brazilian to Foreign,2022,BR,W3204230470,2023,AU,W4388925576
A5051468735,Bruno O. S. Teixeira,Brazilian to Foreign,2020,BR,W3111076246,2022,US,W4206533002
A5051468735,Bruno O. S. Teixeira,Foreign to Brazilian,2022,US,W4206533002,2024,BR,W4400946702
A5034732678,Milton Shintaku,Foreign to Brazilian,2016,CU,W2586917661,2023,BR,W4385934467
A5014403283,Gergely Pongrácz,Foreign to Brazilian,2023,HU,W4384129861,2024,"BR, HU",W4401325684
A5014403283,Gergely Pongrácz,Brazilian to Foreign,2024,"BR, HU",W4401325684,2024,HU,W4405846376
A5024835217,Tiago Thompsen Primo,Brazilian to Foreign,2015,BR,W1510121186,2016,US,W2552060301
A5024835217,Tiago Thompsen Primo,Foreign to Brazilian,2016,US,W2552060301,2016,BR,W2515445349
A5006481264,Thaís Fávero Alves,Brazilian to Foreign,2021,BR,W4285467273,2023,US,W4324028433
A5052711331,R. Díaz Millán,Brazilian to Foreign,2019,BR,W2964091497,2021,AU,W3176403052
A5050463401,Navjot Kukreja,Brazilian to Foreign,2016,BR,W2547260791,2024,GB,W4401018641
A5035201608,L. Rivero,Brazilian to Foreign,2024,BR,W4401018899,2024,ES,W4403657529
A5012035228,Levi H. S. Lelis,Brazilian to Foreign,2020,BR,W3102465907,2020,CA,W3122935149
A5012035228,Levi H. S. Lelis,Foreign to Brazilian,2021,"CA, GB, US",W4312544832,2021,BR,W1468426025
A5012035228,Levi H. S. Lelis,Brazilian to Foreign,2021,BR,W1468426025,2021,CA,W3177194733
A5012035228,Levi H. S. Lelis,Foreign to Brazilian,2021,CA,W3177194733,2021,BR,W2759500624
A5012035228,Levi H. S. Lelis,Brazilian to Foreign,2021,BR,W2577228585,2022,CA,W4311072863
A5012035228,Levi H. S. Lelis,Foreign to Brazilian,2022,CA,W4283791892,2022,"BR, CA, US",W4229076201
A5012035228,Levi H. S. Lelis,Brazilian to Foreign,2022,"BR, CA, US",W4229076201,2023,CA,W4382240209
A5040823779,Pedro Paulo F. Barcelos,Brazilian to Foreign,2015,BR,W1849882004,2023,NL,W4385709040
A5090987423,Larissa Ferreira Rodrigues Moreira,Brazilian to Foreign,2023,BR,W4384305931,2024,US,W4405937874
A5041550896,Hugo Morais,Brazilian to Foreign,2016,BR,W2327248735,2024,PT,W4407010856
A5067527698,Geancarlo Abich,Brazilian to Foreign,2022,BR,W4281712365,2024,PT,W4406894857
A5049658423,Nelson Tenório,Brazilian to Foreign,2018,BR,W2916114642,2018,DK,W2808412163
A5049658423,Nelson Tenório,Foreign to Brazilian,2018,DK,W2808412163,2019,BR,W2936527403
A5089368710,Chan‐Tong Lam,Foreign to Brazilian,2019,MO,W2994946006,2021,BR,W3159108466
A5089368710,Chan‐Tong Lam,Brazilian to Foreign,2021,BR,W3159108466,2024,MO,W4407950171
A5050117245,Alexandre Sanfelice Bazanella,Foreign to Brazilian,2016,SE,W3105988882,2021,BR,W3199508514
A5047417469,Laís Vieira de Souza,Brazilian to Foreign,2017,BR,W2774387415,2023,CA,W4389823414
A5047417469,Laís Vieira de Souza,Foreign to Brazilian,2023,CA,W4389823414,2024,BR,W4407737773
A5041661688,Rivalino Matias,Brazilian to Foreign,2017,BR,W2605174855,2017,DE,W4247851817
A5041661688,Rivalino Matias,Foreign to Brazilian,2017,DE,W4247851817,2017,BR,W2964190139
A5006915006,Zois Boukouvalas,Foreign to Brazilian,2024,US,W4406458804,2024,BR,W4399882841
A5065315106,Diego Pinheiro,Foreign to Brazilian,2020,US,W3037549642,2021,BR,W3175288586
A5010490030,Joaquim Cezar Felipe,Brazilian to Foreign,2018,BR,W2792651369,2024,IN,W4405936224
A5077732917,Felipe Fronchetti,Brazilian to Foreign,2020,BR,W3014875928,2022,US,W4205465091
A5029522612,Thales C. Silva,Brazilian to Foreign,2022,BR,W4220706660,2024,US,W4405786085
A5071144214,Jim Tørresen,Foreign to Brazilian,2021,NO,W3123685316,2024,BR,W4405784932
A5063488446,Kelen Cristiane Teixeira Vivaldini,Brazilian to Foreign,2023,BR,W4386800532,2023,CZ,W4382050816
A5063488446,Kelen Cristiane Teixeira Vivaldini,Foreign to Brazilian,2023,CZ,W4382050816,2024,BR,W4405785786
A5051370303,Paolo Bestagini,Foreign to Brazilian,2015,IT,W2294001023,2016,BR,W2575485938
A5051370303,Paolo Bestagini,Brazilian to Foreign,2016,BR,W2575485938,2017,IT,W2606661584
A5070169011,Joaquim Assunção,Brazilian to Foreign,2015,"BR, FR",W4230032845,2017,FR,W2726212870
A5070169011,Joaquim Assunção,Foreign to Brazilian,2017,FR,W2726212870,2018,BR,W2898988087
A5063187709,Marcelo Tsuguio Okano,Foreign to Brazilian,2020,LU,W3164712616,2023,BR,W4392369723
A5012155617,Luciana Arantes,Foreign to Brazilian,2020,FR,W3056057916,2021,BR,W4205514287
A5012155617,Luciana Arantes,Brazilian to Foreign,2021,BR,W4205514287,2021,"AT, FR",W3213808381
A5079404294,César Marcon,Brazilian to Foreign,2015,BR,W1994750912,2015,CA,W1676876603
A5079404294,César Marcon,Foreign to Brazilian,2015,CA,W1676876603,2015,BR,W2058186318
A5077298421,Francielle Santo Pedro,Foreign to Brazilian,2021,BE,W4200406825,2024,BR,W4405501341
A5016622594,Marco Vieira,Foreign to Brazilian,2021,PT,W4211101412,2021,BR,W3134187373
A5016622594,Marco Vieira,Brazilian to Foreign,2021,BR,W3134187373,2021,PT,W3158193819
A5018007142,Thaís Bardini Idalino,Foreign to Brazilian,2016,CA,W2565121009,2022,BR,W4224269055
A5003878251,Lea T. Grinberg,Foreign to Brazilian,2016,US,W2478178513,2024,"BR, US",W4406218624
A5015332605,Guilherme Povala,Brazilian to Foreign,2021,BR,W3170369394,2024,US,W4406210400
A5069346585,Lívia Amaral,Brazilian to Foreign,2021,BR,W3170369394,2024,US,W4406210400
A5081699840,Luis Fernández López,Foreign to Brazilian,2015,US,W1528098602,2016,BR,W2419418250
A5081699840,Luis Fernández López,Brazilian to Foreign,2016,BR,W2419418250,2024,US,W4406157803
A5076377406,Rodrigo Siqueira Martins,Brazilian to Foreign,2018,BR,W2896648602,2024,US,W4406460076
A5091558578,Paloma T. Lima,Brazilian to Foreign,2016,BR,W2556198717,2017,NO,W2766697848
A5091558578,Paloma T. Lima,Foreign to Brazilian,2019,NO,W2963142961,2019,"BR, NO",W2942300156
A5091558578,Paloma T. Lima,Brazilian to Foreign,2019,"BR, NO",W2942300156,2020,NO,W3081711443
A5034049147,Eduardo Santos,Brazilian to Foreign,2021,BR,W4200163466,2024,PT,W4402682430
A5013699020,Erik Alex Papa Quiroz,Brazilian to Foreign,2015,"BR, PE",W1959749429,2015,PE,W2154167715
A5013699020,Erik Alex Papa Quiroz,Foreign to Brazilian,2015,PE,W2154167715,2016,"BR, PE",W2550023850
A5013699020,Erik Alex Papa Quiroz,Brazilian to Foreign,2017,BR,W2604119293,2017,PE,W2765486737
A5013699020,Erik Alex Papa Quiroz,Foreign to Brazilian,2017,PE,W2765486737,2018,BR,W2951242349
A5013699020,Erik Alex Papa Quiroz,Brazilian to Foreign,2018,BR,W2951242349,2019,PE,W2976862921
A5013699020,Erik Alex Papa Quiroz,Foreign to Brazilian,2020,PE,W3046702492,2022,"BR, PE",W4225275525
A5009420956,Thiago Garrett,Brazilian to Foreign,2020,BR,W3094024075,2021,NO,W3204010180
A5038779558,João Paulo de Brito Gonçalves,Brazilian to Foreign,2020,BR,W3097269211,2020,BE,W3083065143
A5038779558,João Paulo de Brito Gonçalves,Foreign to Brazilian,2020,BE,W3083065143,2020,BR,W3112921049
A5038779558,João Paulo de Brito Gonçalves,Brazilian to Foreign,2020,BR,W3112921049,2021,BE,W3136869786
A5038779558,João Paulo de Brito Gonçalves,Foreign to Brazilian,2021,BE,W3159568513,2022,BR,W4296340453
A5017922420,Lucas Airam Castro de Souza,Brazilian to Foreign,2020,BR,W3128963927,2024,FR,W4403065738
A5026714062,Matteo Sammarco,Foreign to Brazilian,2021,FR,W3214039631,2022,BR,W4290988507
A5026714062,Matteo Sammarco,Brazilian to Foreign,2022,BR,W4290988507,2022,FR,W4313452859
A5005804528,Ruan J.S. Belem,Brazilian to Foreign,2015,BR,W2534567134,2021,HK,W3212923163
A5062692288,Matheus Martins,Brazilian to Foreign,2021,"BR, US",W3163835525,2023,DE,W4386214327
A5074973659,Joao O. Parracho,Brazilian to Foreign,2023,"BR, PT",W4388893566,2024,PT,W4402915989
A5081219742,Eduardo A. B. da Silva,Brazilian to Foreign,2018,BR,W2890447646,2019,PT,W3003586829
A5081219742,Eduardo A. B. da Silva,Foreign to Brazilian,2019,PT,W2946959449,2019,BR,W2971627785
A5012375351,Lucas A. Thomaz,Brazilian to Foreign,2018,BR,W2791451966,2021,PT,W3169434624
A5087614736,Fernando Darío Almeida García,Brazilian to Foreign,2023,BR,W4327738108,2024,US,W4400187925
A5028817580,Antônio C. Lourenço,Brazilian to Foreign,2020,BR,W2958778791,2024,US,W4400433441
A5001891647,Fernando Iemini,Foreign to Brazilian,2017,IT,W3101873189,2018,"BR, IT",W2887464383
A5020719921,E.S. Siqueira,Brazilian to Foreign,2018,BR,W2912290453,2022,GB,W4306318472
A5020719921,E.S. Siqueira,Foreign to Brazilian,2022,GB,W4306318472,2024,BR,W4400275486
A5053196020,Graçaliz Pereira Dimuro,Brazilian to Foreign,2018,BR,W2913466125,2018,ES,W2797955680
A5053196020,Graçaliz Pereira Dimuro,Foreign to Brazilian,2018,ES,W2797955680,2018,BR,W2890484132
A5064318827,Guilherme Paim,Brazilian to Foreign,2020,BR,W3116884981,2020,DE,W3031310476
A5064318827,Guilherme Paim,Foreign to Brazilian,2020,DE,W3031310476,2020,"BR, US",W3030597778
A5034002093,Morgana Carneiro de Andrade,Brazilian to Foreign,2019,BR,W2936249610,2019,MN,W2982784944
A5034002093,Morgana Carneiro de Andrade,Foreign to Brazilian,2019,MN,W2982784944,2021,BR,W3208873415
A5008945191,Paulo Torrens,Brazilian to Foreign,2022,BR,W4297101960,2024,GB,W4401596846
A5018179311,Renato Ferreira,Brazilian to Foreign,2016,BR,W2283602323,2016,US,W2566945439
A5018179311,Renato Ferreira,Foreign to Brazilian,2016,US,W2566945439,2016,BR,W2501051723
A5028095132,Rossana M. C. Andrade,Brazilian to Foreign,2017,BR,W2618584325,2017,US,W2972064959
A5028095132,Rossana M. C. Andrade,Foreign to Brazilian,2017,US,W2972064959,2018,BR,W2886388541
A5002803733,Hamilton Rivera-Flor,Brazilian to Foreign,2019,BR,W2990639392,2024,CO,W4403678437
A5079521180,António L. L. Ramos,Brazilian to Foreign,2017,BR,W2811065832,2017,NO,W2611462463
A5004127158,Adílson Luiz Pinto,Brazilian to Foreign,2020,BR,W3095573162,2020,"ES, US",W4396922516
A5004127158,Adílson Luiz Pinto,Foreign to Brazilian,2020,"ES, US",W4396922516,2020,BR,W3033046312
A5035901146,Luiz Otávio Murta,Brazilian to Foreign,2019,BR,W2988437199,2020,GB,W4238174276
A5035901146,Luiz Otávio Murta,Foreign to Brazilian,2020,GB,W4238174276,2021,BR,W4200157036
A5039535804,Otávio Augusto Lazzarini Lemos,Brazilian to Foreign,2015,BR,W2131434255,2016,US,W2562270608
A5039535804,Otávio Augusto Lazzarini Lemos,Foreign to Brazilian,2016,US,W2562270608,2017,BR,W2765311975
A5003076188,Bruno Bonifácio,Brazilian to Foreign,2017,BR,W2767793279,2018,IN,W2965441905
A5003076188,Bruno Bonifácio,Foreign to Brazilian,2018,KR,W2966733636,2020,BR,W4213282585
A5003076188,Bruno Bonifácio,Brazilian to Foreign,2021,BR,W4200351362,2021,KH,W4205655309
A5003076188,Bruno Bonifácio,Foreign to Brazilian,2021,KH,W4205655309,2024,BR,W4401067199
A5058619615,Denis Mayr Lima Martins,Brazilian to Foreign,2017,BR,W2766149540,2018,DE,W2912014181
A5058619615,Denis Mayr Lima Martins,Foreign to Brazilian,2023,DE,W4391249797,2024,BR,W4400524574
A5075731992,Marcos Antonio Vaz Salles,Foreign to Brazilian,2019,DK,W3004139508,2020,BR,W3135528066
A5075731992,Marcos Antonio Vaz Salles,Brazilian to Foreign,2020,BR,W3135528066,2021,DK,W3210990339
A5015159689,Yunier Bello-Cruz,Brazilian to Foreign,2016,BR,W2255734980,2020,US,W3046534822
A5086790438,Yuri Kaszubowski Lopes,Foreign to Brazilian,2017,GB,W2620806224,2020,BR,W3090862118
A5036934193,Daniel Leite,Brazilian to Foreign,2020,BR,W3030034975,2022,CL,W4295767718
A5028793428,Romuere Silva,Brazilian to Foreign,2021,BR,W3159830173,2021,US,W3125631590
A5028793428,Romuere Silva,Foreign to Brazilian,2021,US,W3125631590,2022,BR,W4381251412
A5067780520,Laura Maria Feitosa Formiga,Brazilian to Foreign,2017,"BO, BR",W2790092934,2023,IT,W4382202217
A5067780520,Laura Maria Feitosa Formiga,Foreign to Brazilian,2023,IT,W4382202217,2024,BR,W4400458194
A5014320446,Xavier Ochôa,Foreign to Brazilian,2016,EC,W2339477422,2017,BR,W2772623190
A5014320446,Xavier Ochôa,Brazilian to Foreign,2017,BR,W2772623190,2018,EC,W2966386630
A5067169755,Alexandre de Freitas Carneiro,Brazilian to Foreign,2019,BR,W2909853812,2024,AR,W4399907337
A5063574513,Fernando M. V. Ramos,Foreign to Brazilian,2021,PT,W3125781598,2024,BR,W4399774889
A5020493348,Roxana Lisette Quintanilla Portugal,Brazilian to Foreign,2018,BR,W2890913668,2024,"DE, PE",W4400581664
A5027966392,Zakaria Maamar,Foreign to Brazilian,2019,AE,W2943329843,2020,"AT, BR",W4205597867
A5027966392,Zakaria Maamar,Brazilian to Foreign,2020,"AT, BR",W4231960398,2020,AE,W3094154226
A5004223181,Vanilson Burégio,Brazilian to Foreign,2021,BR,W3154797118,2024,QA,W4400577223
A5009056144,Marcos Paulo Konzen,Brazilian to Foreign,2022,BR,W4285200866,2023,US,W4390679006
A5066466375,João Leite,Brazilian to Foreign,2018,BR,W2909223956,2023,GB,W4390623610
A5016919849,Luiz Ricardo Begosso,Foreign to Brazilian,2016,US,W2486790799,2017,BR,W2772914569
A5066070919,Andreia Malucelli,Foreign to Brazilian,2015,PR,W3169529185,2015,BR,W2295230557
A5066070919,Andreia Malucelli,Brazilian to Foreign,2015,BR,W2294829769,2016,PR,W3171095915
A5066070919,Andreia Malucelli,Foreign to Brazilian,2016,PR,W3171095915,2016,BR,W2529069992
A5039939103,Sheila Reinehr,Foreign to Brazilian,2015,PR,W3169529185,2015,BR,W2295230557
A5039939103,Sheila Reinehr,Brazilian to Foreign,2015,BR,W2294829769,2016,PR,W3171095915
A5039939103,Sheila Reinehr,Foreign to Brazilian,2016,PR,W3171095915,2016,BR,W2529069992
A5088179577,Carlos N. Silla,Brazilian to Foreign,2017,BR,W2805255751,2018,US,W2806470391
A5088179577,Carlos N. Silla,Foreign to Brazilian,2018,US,W2806470391,2018,BR,W2920936855
A5088179577,Carlos N. Silla,Brazilian to Foreign,2020,BR,W3122950306,2021,PR,W3199526064
A5088179577,Carlos N. Silla,Foreign to Brazilian,2021,PR,W3199526064,2021,BR,W3178813823
A5019891259,Moara Ludmila Rosa Lima,Foreign to Brazilian,2023,US,W4390317028,2023,BR,W4385228830
A5090551411,Priscila Castro Cordeiro Fernandes,Brazilian to Foreign,2023,BR,W4390317028,2023,AR,W4385228830
A5010078564,George Luiz Luvizotto,Brazilian to Foreign,2021,BR,W3157818496,2023,ES,W4389625423
A5030350071,Paulo Bruno S. Serafim,Brazilian to Foreign,2021,BR,W4200223855,2022,FR,W4310173005
A5061961668,Fernando César Lima Leite,Brazilian to Foreign,2019,BR,W2947186677,2021,GB,W3210925120
A5061961668,Fernando César Lima Leite,Foreign to Brazilian,2021,GB,W3210925120,2023,BR,W4390142567
A5027470321,Gracy Kelli Martins,Foreign to Brazilian,2015,US,W2396022525,2016,BR,W2412403330
A5033069601,Fernanda G. O. Passos,Brazilian to Foreign,2022,"BR, PT",W4309770292,2023,PT,W4389683313
A5071946679,Júlio César Sampaio Dutra,Brazilian to Foreign,2015,BR,W2240610868,2021,DE,W3151243229
A5071946679,Júlio César Sampaio Dutra,Foreign to Brazilian,2021,DE,W3151243229,2023,BR,W4389726224
A5080777193,Everton Cavalcante,Brazilian to Foreign,2019,BR,W2984349365,2019,FR,W2947919372
A5080777193,Everton Cavalcante,Foreign to Brazilian,2019,FR,W2947919372,2019,BR,W3014025196
A5023189266,Bruno Vilhena Adorno,Brazilian to Foreign,2019,BR,W2979748103,2023,GB,W4389666833
A5051152681,Aranildo R. Lima,Foreign to Brazilian,2022,CA,W4220895264,2023,BR,W4389778970
A5036804243,Vivian Dos Santos Silva,Foreign to Brazilian,2023,DE,W4389880858,2023,"BR, ES",W4389312400
A5051844152,Norton Trevisan Roman,Brazilian to Foreign,2015,BR,W1698382704,2015,PE,W2136923889
A5051844152,Norton Trevisan Roman,Foreign to Brazilian,2020,PE,W4231475906,2021,BR,W4200075289
A5008848139,Gilson A. Giraldi,Brazilian to Foreign,2020,BR,W4248333874,2021,NL,W3087145381
A5008848139,Gilson A. Giraldi,Foreign to Brazilian,2021,NL,W3087145381,2021,BR,W3195046537
A5050337546,Wagner Penny,Brazilian to Foreign,2019,BR,W3001849230,2019,GB,W2979001118
A5050337546,Wagner Penny,Foreign to Brazilian,2019,GB,W3010967630,2020,BR,W3115786203
A5086245955,Dayanne da Silva Prudêncio,Brazilian to Foreign,2018,BR,W2962518795,2020,GB,W2945400100
A5086245955,Dayanne da Silva Prudêncio,Foreign to Brazilian,2020,GB,W2945400100,2020,BR,W2964864881
A5049857806,Lucas R. Borges,Brazilian to Foreign,2022,BR,W4285086133,2023,US,W4362693539
A5049857806,Lucas R. Borges,Foreign to Brazilian,2023,US,W4362693539,2023,BR,W4367292768
A5064179916,Nélio Cacho,Brazilian to Foreign,2018,BR,W2906884349,2018,GB,W2900844519
A5064179916,Nélio Cacho,Foreign to Brazilian,2018,GB,W2803957075,2019,BR,W2979997625
A5063487514,Germán Ariel Salazar,Brazilian to Foreign,2019,"AR, BR",W2982213126,2023,AR,W4381295246
A5011496738,Adalgiza Mafra Moreno,Brazilian to Foreign,2021,BR,W3199022528,2023,CN,W4381296299
A5005902443,Matthias Diener,Brazilian to Foreign,2015,"BR, DE",W2088649072,2015,US,W2178886179
A5005902443,Matthias Diener,Foreign to Brazilian,2015,US,W2178886179,2015,BR,W1980052993
A5005902443,Matthias Diener,Brazilian to Foreign,2015,BR,W2078781838,2015,US,W2056303926
A5005902443,Matthias Diener,Foreign to Brazilian,2015,US,W2056303926,2016,BR,W3161789316
A5005902443,Matthias Diener,Brazilian to Foreign,2018,BR,W2794457422,2018,US,W2921946800
A5062931778,Edson Luiz Padoin,Brazilian to Foreign,2017,BR,W3007313238,2018,US,W2953973294
A5062931778,Edson Luiz Padoin,Foreign to Brazilian,2018,US,W2953973294,2018,BR,W2913377768
A5055833622,Guilherme Arthur Gerônimo,Brazilian to Foreign,2022,BR,W4284896151,2023,DZ,W4381284900
A5022956545,Jairo Panetta,Brazilian to Foreign,2016,BR,W3162897777,2017,ES,W2770872090
A5022956545,Jairo Panetta,Foreign to Brazilian,2017,ES,W2770872090,2017,BR,W3007313238
A5089534758,Lucas Leandro Nesi,Brazilian to Foreign,2022,BR,W4280604837,2023,FR,W4381284862
A5089534758,Lucas Leandro Nesi,Foreign to Brazilian,2023,FR,W4381284862,2023,"BR, FR",W4376129708
A5053847032,Arnaud Legrand,Foreign to Brazilian,2018,FR,W2765253297,2019,"BR, FR, US",W4247951012
A5053847032,Arnaud Legrand,Brazilian to Foreign,2019,"BR, FR, US",W4247951012,2020,FR,W3033018514
A5016437911,Adalene Moreira Silva,Brazilian to Foreign,2015,BR,W2320622242,2016,ES,W2745760412
A5016437911,Adalene Moreira Silva,Foreign to Brazilian,2016,ES,W2745760412,2016,BR,W2563070882
A5075250694,Marcelo Pereira Campos,Foreign to Brazilian,2022,ZA,W4280613875,2023,BR,W4375944950
A5068635642,Bruno Araújo dos Santos,Foreign to Brazilian,2022,ZA,W4280613875,2023,BR,W4375944950
A5013218072,Milton Ernesto Arroba Bermeo,Brazilian to Foreign,2022,BR,W4210673162,2023,EC,W4375858825
A5078408949,Ligia Del Pilar Riofrio Guadalupe,Brazilian to Foreign,2022,BR,W4210673162,2023,EC,W4375858825
A5064913292,Lucas Castanheira,Brazilian to Foreign,2021,BR,W3179226991,2023,US,W4372267405
A5004308233,Mariana Salamoni Francisco,Foreign to Brazilian,2022,GB,W4395103930,2023,BR,W4372349041
A5057891403,M. G. F. Costa,Brazilian to Foreign,2020,BR,W4237988928,2021,ZW,W3212341167
A5057891403,M. G. F. Costa,Foreign to Brazilian,2021,ZW,W3212341167,2021,BR,W3133049494
A5004818827,Cícero Ferreira Fernandes Costa Filho,Brazilian to Foreign,2020,BR,W4237988928,2021,ZW,W3212341167
A5004818827,Cícero Ferreira Fernandes Costa Filho,Foreign to Brazilian,2021,ZW,W3212341167,2021,BR,W3133049494
A5010657740,Paulo Celso Curvelo Santos,Foreign to Brazilian,2021,CU,W3134629061,2023,BR,W4365999096
A5007008735,Ruth Cristini Torres,Brazilian to Foreign,2018,"BR, MX",W2789436200,2021,CU,W3135546706
A5011204125,Sílvia Modesto Nassar,Brazilian to Foreign,2017,BR,W2762419456,2018,IE,W2892275554
A5011204125,Sílvia Modesto Nassar,Foreign to Brazilian,2018,IE,W2892275554,2018,BR,W2883616768
A5074026543,Pedro Juan Soto Vega,Brazilian to Foreign,2021,BR,W3175898612,2022,FR,W4319435070
A5068346618,Luciana Araújo dos Reis,Brazilian to Foreign,2023,BR,W4376891826,2023,US,W4388810676
A5018383705,Luana Araújo dos Reis,Brazilian to Foreign,2023,BR,W4376891826,2023,US,W4388810676
A5017647023,Ekaterina Kubyshkina,Brazilian to Foreign,2021,"BR, GB",W4205220844,2023,IT,W4377225420
A5048545321,Ana Márcia Debiasi Duarte,Foreign to Brazilian,2016,US,W2560605429,2023,BR,W4389882759
A5036819449,Eliane Braga de Oliveira,Brazilian to Foreign,2015,BR,W2073746013,2018,ID,W2909762994
A5036819449,Eliane Braga de Oliveira,Foreign to Brazilian,2018,ID,W2909762994,2023,BR,W4387827934
A5009042712,Cristian Berrío-Zapata,Foreign to Brazilian,2016,CO,W2462765618,2018,BR,W3103566506
A5004791510,Felipe Augusto Arakaki,Brazilian to Foreign,2019,BR,W3176738189,2019,ID,W2982784944
A5004791510,Felipe Augusto Arakaki,Foreign to Brazilian,2019,ID,W2982784944,2019,BR,W2974196962
A5061946488,Paula Regina Ventura Amorim Gonçalez,Brazilian to Foreign,2019,BR,W2985067214,2019,MN,W2982784944
A5061946488,Paula Regina Ventura Amorim Gonçalez,Foreign to Brazilian,2019,MN,W2982784944,2019,BR,W2944080186
A5087084192,Paulo Ricardo Viviurka do Carmo,Brazilian to Foreign,2021,BR,W3213087112,2023,DE,W4387807033
A5077745494,Idílio Drago,Foreign to Brazilian,2017,IT,W2769750260,2017,BR,W2783266190
A5077745494,Idílio Drago,Brazilian to Foreign,2017,BR,W2783266190,2018,IT,W2888511653
A5060510652,Marcus Botacin,Brazilian to Foreign,2022,BR,W4214824370,2023,US,W4391593930
A5043611941,Charles V. Neu,Brazilian to Foreign,2020,BR,W3104661255,2022,GB,W4225698223
A5069821303,Henrique F. Arcoverde,Foreign to Brazilian,2023,US,W4391593897,2023,BR,W4381300686
A5029761655,Lillian Maria Araújo de Rezende Álvares,Brazilian to Foreign,2018,BR,W2905472205,2019,ID,W2923353436
A5029761655,Lillian Maria Araújo de Rezende Álvares,Foreign to Brazilian,2019,ID,W2923353436,2019,BR,W4288548029
A5079253368,João José Costa Gondim,Brazilian to Foreign,2022,BR,W4311327367,2022,ID,W4295681740
A5079253368,João José Costa Gondim,Foreign to Brazilian,2022,ID,W4295681740,2022,BR,W4290989036
A5085260243,Larissa C. Shimomura,Foreign to Brazilian,2020,NL,W3008535402,2021,BR,W4200233807
A5085260243,Larissa C. Shimomura,Brazilian to Foreign,2021,BR,W4200233807,2023,NL,W4387941559
A5079832994,Luís P. F. Garcia,Brazilian to Foreign,2015,BR,W2296110145,2015,ES,W1990165991
A5079832994,Luís P. F. Garcia,Foreign to Brazilian,2015,ES,W821095363,2015,BR,W1808888563
A5079832994,Luís P. F. Garcia,Brazilian to Foreign,2018,"BR, DE",W2892703179,2018,DE,W2902777483
A5079832994,Luís P. F. Garcia,Foreign to Brazilian,2018,DE,W2902777483,2019,BR,W2992345747
A5072583354,Frederico Lopes,Brazilian to Foreign,2015,BR,W1532577894,2015,US,W1565265585
A5072583354,Frederico Lopes,Foreign to Brazilian,2015,US,W1565265585,2016,BR,W2582005900
A5078212123,Emilene Zitkus,Foreign to Brazilian,2022,GB,W4310383144,2023,"BR, GB",W4387736804
A5051073151,Carlos A. S. J. Gulo,Foreign to Brazilian,2016,PT,W2493301618,2021,"BR, PT",W3208545567
A5034877416,Tel Amiel,Brazilian to Foreign,2016,BR,W2474500951,2016,FR,W2404963570
A5034877416,Tel Amiel,Foreign to Brazilian,2016,FR,W2404963570,2016,BR,W2979669103
A5076877848,Harry Oviedo,Brazilian to Foreign,2022,BR,W4293037344,2023,CL,W4387184836
A5034196986,Ahmad Taher Azar,Foreign to Brazilian,2021,EG,W3136819944,2023,"AU, BR, CN, DE, DK, ES, FR, GB, GR, HK, IT, KR, MX, PT, QA, SA, SE, TH, TR, US",W4387993311
A5043062657,Thomas Coughlin,Brazilian to Foreign,2016,"BR, US",W2509573289,2019,US,W4249611202
A5043062657,Thomas Coughlin,Foreign to Brazilian,2019,US,W4230203497,2023,"AU, BR, CN, DE, DK, ES, FR, GB, GR, HK, IT, KR, MX, PT, QA, SA, SE, TH, TR, US",W4387993311
A5094301138,Sophia Muirhead,Foreign to Brazilian,2019,HK,W4230203497,2023,"AU, BR, CN, DE, DK, ES, FR, GB, GR, HK, IT, KR, MX, PT, QA, SA, SE, TH, TR, US",W4387993311
A5060231521,Karen Hawkins,Foreign to Brazilian,2019,US,W4230203497,2023,"AU, BR, CN, DE, DK, ES, FR, GB, GR, HK, IT, KR, MX, PT, QA, SA, SE, TH, TR, US",W4387993311
A5094301140,Donna Hourican,Foreign to Brazilian,2015,US,W4247290662,2023,"AU, BR, CN, DE, DK, ES, FR, GB, GR, HK, IT, KR, MX, PT, QA, SA, SE, TH, TR, US",W4387993311
A5108792986,Cecelia Jankowski,Foreign to Brazilian,2019,US,W4230203497,2023,"AU, BR, CN, DE, DK, ES, FR, GB, GR, HK, IT, KR, MX, PT, QA, SA, SE, TH, TR, US",W4387993311
A5094301142,Jamie Moesch,Foreign to Brazilian,2019,HK,W4230203497,2023,"AU, BR, CN, DE, DK, ES, FR, GB, GR, HK, IT, KR, MX, PT, QA, SA, SE, TH, TR, US",W4387993311
A5022475759,Thomas Siegert,Foreign to Brazilian,2019,US,W4230203497,2023,"AU, BR, CN, DE, DK, ES, FR, GB, GR, HK, IT, KR, MX, PT, QA, SA, SE, TH, TR, US",W4387993311
A5001900540,Tanilson Dias dos Santos,Brazilian to Foreign,2018,BR,W4390095865,2021,AR,W3162445459
A5001900540,Tanilson Dias dos Santos,Foreign to Brazilian,2021,AR,W3162445459,2023,BR,W4387802194
A5041972207,Lina L. Hernandez‐Velasco,Brazilian to Foreign,2020,BR,W3045595357,2023,CO,W4387765674
A5083299566,José Arnaldo Barra Montevechi,Brazilian to Foreign,2021,BR,W4213419035,2023,PT,W4388105510
A5103240830,Carlos Henrique dos Santos,Brazilian to Foreign,2021,BR,W4213419035,2023,PT,W4388105510
A5040365453,Rafael Geraldeli Rossi,Brazilian to Foreign,2021,BR,W4200204961,2023,PK,W4388203991
A5040365453,Rafael Geraldeli Rossi,Foreign to Brazilian,2023,PK,W4388203991,2023,BR,W4382935810
A5050292144,Vancarder Brito Sousa,Brazilian to Foreign,2017,BR,W2911081073,2019,AO,W2941329186
A5050292144,Vancarder Brito Sousa,Foreign to Brazilian,2019,AO,W2941329186,2019,BR,W3008592445
A5012195474,Azzedine Boukerche,Foreign to Brazilian,2016,CA,W2480912627,2016,BR,W2517536578
A5012195474,Azzedine Boukerche,Brazilian to Foreign,2016,BR,W2517536578,2016,CA,W2546858058
A5033865377,Xianxu Hou,Brazilian to Foreign,2021,"BR, CN, FR",W3200671133,2023,CN,W4392411895
A5084573150,Leila Cristina Carneiro Bergamasco,Brazilian to Foreign,2015,BR,W1596351358,2015,MZ,W2774912920
A5084573150,Leila Cristina Carneiro Bergamasco,Foreign to Brazilian,2015,MZ,W2774912920,2016,BR,W2572438476
A5080680055,Vanessa Aparecida de Moares Weber,Brazilian to Foreign,2019,BR,W2973633200,2023,US,W4392460362
A5084132882,Fábio A. Faria,Brazilian to Foreign,2020,BR,W3106948343,2021,AU,W3159845680
A5084132882,Fábio A. Faria,Foreign to Brazilian,2021,AU,W3159845680,2021,BR,W4200336305
A5023246486,Eulàlia Massana Molera,Foreign to Brazilian,2021,ES,W3211278207,2023,BR,W4392669456
A5071900519,Elaine Oliveira,Brazilian to Foreign,2020,BR,W3110448158,2020,US,W3107028674
A5071900519,Elaine Oliveira,Foreign to Brazilian,2020,US,W3107028674,2020,BR,W3109319062
A5058933720,João Vitor Nogueira,Brazilian to Foreign,2022,BR,W4319155830,2023,PE,W4392807182
A5056749242,Eunice Pereira dos Santos Nunes,Brazilian to Foreign,2022,BR,W4306645269,2023,US,W4394699746
A5016889937,Philippe Michelon,Foreign to Brazilian,2018,FR,W2798220159,2023,BR,W4398758852
A5073971584,David Beserra,Brazilian to Foreign,2017,"BR, FR",W2751585918,2017,FR,W2594398762
A5073971584,David Beserra,Foreign to Brazilian,2017,FR,W2594398762,2017,BR,W4246625391
A5073971584,David Beserra,Brazilian to Foreign,2017,BR,W2769703337,2023,FR,W4393286881
A5103176344,Fred Freitas,Brazilian to Foreign,2015,BR,W1998820927,2015,FR,W2240544104
A5103176344,Fred Freitas,Foreign to Brazilian,2015,FR,W2240544104,2016,BR,W2511368150
A5085895330,David H. S. Lima,Brazilian to Foreign,2023,"BR, PT",W4389976384,2023,PT,W4382247979
A5055707524,Marina Groshaus,Foreign to Brazilian,2017,AR,W2765547336,2019,BR,W2977719991
A5042326416,Luis Martí,Brazilian to Foreign,2019,BR,W3002140608,2020,CL,W3083416241
A5086603980,Gustavo Vale,Brazilian to Foreign,2016,BR,W2399849841,2017,DE,W2761037827
A5086603980,Gustavo Vale,Foreign to Brazilian,2018,DE,W2883396228,2018,BR,W2800525766
A5086603980,Gustavo Vale,Brazilian to Foreign,2019,BR,W3021993919,2019,DE,W2971732167
A5072064839,Henrique O. Marques,Brazilian to Foreign,2020,BR,W3039137796,2023,DK,W4393186008
A5017527857,Daniel Martínez-Ávila,Brazilian to Foreign,2019,BR,W2995245932,2020,"AR, ES",W3045624167
A5017527857,Daniel Martínez-Ávila,Foreign to Brazilian,2020,ES,W3102935377,2020,BR,W3112130398
A5017527857,Daniel Martínez-Ávila,Brazilian to Foreign,2020,BR,W3112130398,2020,ES,W4205832341
A5017527857,Daniel Martínez-Ávila,Foreign to Brazilian,2020,ES,W3014380101,2020,"BR, ES",W3092717577
A5017527857,Daniel Martínez-Ávila,Brazilian to Foreign,2020,"BR, ES",W3092717577,2020,ES,W3105139976
A5017527857,Daniel Martínez-Ávila,Foreign to Brazilian,2020,ES,W3105139976,2020,BR,W3088935164
A5017527857,Daniel Martínez-Ávila,Brazilian to Foreign,2021,BR,W4205317985,2021,ES,W3201563157
A5019427644,José Antônio Moreiro González,Foreign to Brazilian,2019,ES,W2928710448,2019,"BR, ES",W3007950907
A5019427644,José Antônio Moreiro González,Brazilian to Foreign,2019,"BR, ES",W3007950907,2019,ES,W2991715350
A5013094372,Raymundo Cordero,Brazilian to Foreign,2020,BR,W3111821735,2020,US,W3016700475
A5013094372,Raymundo Cordero,Foreign to Brazilian,2020,US,W3016700475,2021,BR,W3124311532
A5026516466,João Daniel,Brazilian to Foreign,2021,BR,W4206470462,2023,IT,W4391527041
A5005778373,Paulo Rocha,Brazilian to Foreign,2020,BR,W3037549642,2023,US,W4391249773
A5065340595,Carlos Alberto Ávila Araújo,Brazilian to Foreign,2019,BR,W2961456846,2019,CU,W2944763025
A5065340595,Carlos Alberto Ávila Araújo,Foreign to Brazilian,2019,CU,W2944763025,2019,BR,W2948739781
A5010940337,Mírian Cristina de Lima,Brazilian to Foreign,2019,"BR, NO",W2982780673,2023,PT,W4391120477
A5100324563,Carla Silva,Brazilian to Foreign,2019,BR,W3161666991,2020,PT,W3101189937
A5100324563,Carla Silva,Foreign to Brazilian,2021,PT,W3212921497,2023,BR,W4395101308
A5018590498,Eduardo F. Felix,Brazilian to Foreign,2022,BR,W4320058151,2023,PT,W4399169355
A5018590498,Eduardo F. Felix,Foreign to Brazilian,2023,PT,W4399169355,2023,BR,W4385067696
A5063431969,Diego R. Gomes,Brazilian to Foreign,2022,BR,W4320058151,2023,PT,W4399169355
A5063431969,Diego R. Gomes,Foreign to Brazilian,2023,PT,W4399169355,2023,BR,W4385067696
A5030794447,Pedro Henrique Peres Roriz,Foreign to Brazilian,2021,PE,W3158063179,2023,BR,W4395102290
A5062898997,Clodomir Santana,Brazilian to Foreign,2019,BR,W2924306436,2020,GB,W3021074002
A5022146768,Clayson Celes,Brazilian to Foreign,2018,BR,W2939989421,2018,CA,W2886388541
A5022146768,Clayson Celes,Foreign to Brazilian,2018,CA,W2886388541,2018,BR,W2939023987
A5022146768,Clayson Celes,Brazilian to Foreign,2018,BR,W2783451678,2019,CA,W2961151465
A5022146768,Clayson Celes,Foreign to Brazilian,2020,CA,W3108171104,2020,"BR, CA",W3093743171
A5022146768,Clayson Celes,Brazilian to Foreign,2020,"BR, CA",W3093743171,2022,CA,W4290996223
A5007586717,Vanusa do Nascimento,Foreign to Brazilian,2020,PT,W3108760486,2023,"BR, PT",W4386597808
A5063494925,Marco Aparecido Queiroz Duarte,Brazilian to Foreign,2015,BR,W2205192157,2015,BE,W208562864
A5063494925,Marco Aparecido Queiroz Duarte,Foreign to Brazilian,2015,BE,W208562864,2015,BR,W1902630971
A5063494925,Marco Aparecido Queiroz Duarte,Brazilian to Foreign,2016,BR,W2592261051,2018,BE,W2577576426
A5063494925,Marco Aparecido Queiroz Duarte,Foreign to Brazilian,2018,BE,W2577576426,2021,BR,W3126899292
A5025250635,João Marco C. Silva,Foreign to Brazilian,2023,PT,W4386451694,2023,"BR, PT",W4386214646
A5017825928,Elizete Vieira Vitorino,Brazilian to Foreign,2018,BR,W4289233030,2018,PT,W2898610959
A5017825928,Elizete Vieira Vitorino,Foreign to Brazilian,2018,PT,W2898610959,2018,BR,W2782283978
A5039852079,Henrique Santos,Brazilian to Foreign,2015,BR,W2173429977,2017,PT,W2610438945
A5039852079,Henrique Santos,Foreign to Brazilian,2019,PT,W2963291171,2023,BR,W4382863041
A5055349886,Julião Braga,Brazilian to Foreign,2017,BR,W2774355428,2017,CA,W3007175854
A5055349886,Julião Braga,Foreign to Brazilian,2017,CA,W3007175854,2018,"BR, PT",W2999246798
A5055349886,Julião Braga,Brazilian to Foreign,2018,"BR, PT",W2999246798,2019,PT,W4253876858
A5055349886,Julião Braga,Foreign to Brazilian,2019,PT,W4253876858,2019,"BR, PT",W2968991946
A5055349886,Julião Braga,Brazilian to Foreign,2019,"BR, PT",W2968991946,2019,PT,W2960804246
A5055349886,Julião Braga,Foreign to Brazilian,2019,PT,W2960804246,2021,BR,W4205385449
A5088183578,Francisco Regateiro,Foreign to Brazilian,2023,PT,W4383707197,2023,"BR, PT",W4381952438
A5051693856,Thiago dos Santos Carvalho,Foreign to Brazilian,2022,UY,W4221082452,2022,BR,W4280594556
A5017199612,Andrezza Ozela de Vilhena,Brazilian to Foreign,2022,BR,W4280594556,2023,UY,W4383613637
A5069055029,Nathália Hálax Órfão,Foreign to Brazilian,2020,ES,W3080831109,2020,BR,W3123078716
A5026540719,Carolyn Seaman,Foreign to Brazilian,2016,US,W2417799963,2017,BR,W2773218746
A5026540719,Carolyn Seaman,Brazilian to Foreign,2017,BR,W2773218746,2018,US,W2894779371
A5026540719,Carolyn Seaman,Foreign to Brazilian,2021,US,W3171002877,2021,BR,W3163423879
A5026540719,Carolyn Seaman,Brazilian to Foreign,2021,BR,W3163423879,2021,US,W3190811579
A5034125179,Alexandra I. Cristea,Foreign to Brazilian,2020,GB,W3084854016,2020,"BR, GB",W3028243744
A5034125179,Alexandra I. Cristea,Brazilian to Foreign,2020,"BR, GB",W3028243744,2020,GB,W3188237241
A5075884794,Daniela L. Freire,Brazilian to Foreign,2020,BR,W4230556730,2021,PT,W3210813072
A5075884794,Daniela L. Freire,Foreign to Brazilian,2021,PT,W3171022437,2022,"BR, PT",W4220859681
A5012766481,Renata Vieira,Brazilian to Foreign,2019,BR,W2994196673,2020,PT,W3082608532
A5012766481,Renata Vieira,Foreign to Brazilian,2020,PT,W3082608532,2020,BR,W3024763039
A5012766481,Renata Vieira,Brazilian to Foreign,2020,"BR, PT",W3214615990,2020,PT,W3082265874
A5012766481,Renata Vieira,Foreign to Brazilian,2020,PT,W3082265874,2020,BR,W3113922387
A5012766481,Renata Vieira,Brazilian to Foreign,2020,BR,W3113922387,2020,PT,W3081533304
A5012766481,Renata Vieira,Foreign to Brazilian,2020,PT,W3081533304,2020,"BR, PT",W3107366692
A5012766481,Renata Vieira,Brazilian to Foreign,2021,BR,W3153404013,2021,PT,W3206182649
A5085805128,Silvana Maria Coêlho Leite Fava,Brazilian to Foreign,2022,BR,W4309880628,2022,UY,W4307282894
A5085805128,Silvana Maria Coêlho Leite Fava,Foreign to Brazilian,2022,UY,W4307282894,2023,"BR, UY",W4385951508
A5057698319,Danilo Carastan‐Santos,Brazilian to Foreign,2017,BR,W2948913241,2018,FR,W2954572752
A5057698319,Danilo Carastan‐Santos,Foreign to Brazilian,2018,FR,W2954572752,2018,"BR, FR",W2902378870
A5057698319,Danilo Carastan‐Santos,Brazilian to Foreign,2021,BR,W3127656243,2023,FR,W4385989685
A5031502339,Estiven Sánchez Barrera,Brazilian to Foreign,2019,BR,W2951281991,2023,CO,W4385835205
A5011100065,Guilherme V. Toledo,Brazilian to Foreign,2021,BR,W3213070835,2022,"FR, IL",W4297542322
A5030016983,Guilherme Cassales,Brazilian to Foreign,2021,BR,W3195683371,2022,NZ,W4312991618
A5042790314,Lucas Emanuel Silva e Oliveira,Brazilian to Foreign,2020,BR,W3035903729,2023,PR,W4386921716
A5042790314,Lucas Emanuel Silva e Oliveira,Foreign to Brazilian,2023,PR,W4386921716,2023,BR,W4384517822
A5017715993,Felipe A. P. de Figueiredo,Foreign to Brazilian,2017,BE,W2732587964,2019,"BE, BR",W2979617514
A5018501590,Eduardo Aguilar Arca,Brazilian to Foreign,2017,"BR, IN",W2758595611,2023,ZA,W4386982604
A5013185799,Rohit Gupta,Brazilian to Foreign,2019,BR,W2975776800,2023,IN,W4386863539
A5087835670,Geymerson S. Ramos,Brazilian to Foreign,2019,BR,W3015433747,2023,FR,W4385453356
A5066927815,Rosane Minghim,Brazilian to Foreign,2019,BR,W2944105516,2020,IE,W3090318955
A5042540194,Pedro C. Diniz,Foreign to Brazilian,2015,US,W2281787420,2020,BR,W3093531719
A5042540194,Pedro C. Diniz,Brazilian to Foreign,2020,BR,W3093531719,2023,PT,W4385575120
A5041613681,Paulo Cavalin,Brazilian to Foreign,2015,BR,W2295805126,2015,US,W1640292247
A5041613681,Paulo Cavalin,Foreign to Brazilian,2015,US,W1640292247,2017,BR,W2771292748
A5041613681,Paulo Cavalin,Brazilian to Foreign,2017,BR,W2771292748,2018,US,W2889494745
A5041613681,Paulo Cavalin,Foreign to Brazilian,2018,US,W2889494745,2020,BR,W3090229217
A5089891618,Roseli Aparecida Francelin Romero,Brazilian to Foreign,2017,BR,W2599384972,2019,ES,W2956179798
A5089891618,Roseli Aparecida Francelin Romero,Foreign to Brazilian,2019,ES,W2956179798,2019,BR,W3009255429
A5021701067,David Macêdo,Brazilian to Foreign,2021,"BR, CA",W3199390827,2021,CA,W3164709496
A5021701067,David Macêdo,Foreign to Brazilian,2021,CA,W3164709496,2021,"BR, CA",W3199888448
A5112404986,Alceu S. Britto,Brazilian to Foreign,2019,BR,W3004065464,2019,FR,W2978481357
A5112404986,Alceu S. Britto,Foreign to Brazilian,2019,FR,W2978481357,2019,BR,W2965601072
A5060798483,Tülay Adalı,Brazilian to Foreign,2021,"BR, CA, DE, KR, US",W4254583338,2021,US,W3163378412
A5036716012,Régis Costa de Oliveira,Foreign to Brazilian,2020,PT,W3109944758,2020,BR,W3108543721
A5020454668,Charles F. Gonçalves,Brazilian to Foreign,2018,BR,W2923936259,2020,PT,W3094165180
A5020454668,Charles F. Gonçalves,Foreign to Brazilian,2020,PT,W3094165180,2020,"BR, PT",W3119191929
A5020454668,Charles F. Gonçalves,Brazilian to Foreign,2020,"BR, PT",W3119191929,2020,PT,W3086798928
A5020454668,Charles F. Gonçalves,Foreign to Brazilian,2020,PT,W3086798928,2023,"BR, PT",W4385688744
A5030619096,Nuno Antunes,Foreign to Brazilian,2016,PT,W2565690877,2016,BR,W2564805461
A5030619096,Nuno Antunes,Brazilian to Foreign,2016,BR,W2564805461,2016,PT,W2562680154
A5030619096,Nuno Antunes,Foreign to Brazilian,2020,PT,W3086798928,2021,"BR, CN",W4293170381
A5030619096,Nuno Antunes,Brazilian to Foreign,2021,"BR, CN",W4293170381,2023,PT,W4385688744
A5030619096,Nuno Antunes,Foreign to Brazilian,2023,PT,W4385688744,2023,"BR, CL, CN, NL, PT",W4313470011
A5030619096,Nuno Antunes,Brazilian to Foreign,2023,"BR, CL, CN, NL, PT",W4313470011,2023,PT,W4317790708
A5016338843,Youssef Diouane,Brazilian to Foreign,2020,BR,W3099989502,2023,CA,W4393108629
A5005187572,Joseph Morlier,Brazilian to Foreign,2016,BR,W2419092723,2023,FR,W4393108629
A5005048873,Gustavo Henrique Nazareno Fernandes,Brazilian to Foreign,2015,BR,W2296178267,2023,DE,W4385217895
A5028555319,Ricardo Augusto Borsoi,Brazilian to Foreign,2022,"BR, FR",W3209789097,2023,FR,W4383220248
A5039289770,Glaucia Melo,Foreign to Brazilian,2018,CA,W2982496367,2019,"BR, CA",W2966921452
A5039289770,Glaucia Melo,Brazilian to Foreign,2019,"BR, CA",W2966921452,2020,CA,W3112158643
A5091429134,Hugo Paredes,Foreign to Brazilian,2019,PT,W2991075206,2020,"BR, GB, PT",W3005107182
A5091429134,Hugo Paredes,Brazilian to Foreign,2020,"BR, GB, PT",W3005107182,2021,PT,W3136160336
A5045321191,Jinyun Yuan,Brazilian to Foreign,2023,"BR, CN",W4381736643,2023,CN,W4388709192
A5100655078,Marcos Silva,Brazilian to Foreign,2022,BR,W4312248457,2023,IT,W4382202217
A5100655078,Marcos Silva,Foreign to Brazilian,2023,IT,W4382202217,2023,BR,W4372348887
A5036130068,Nahadja Tahaynara Barros Leal,Brazilian to Foreign,2021,BR,W3190968274,2023,IT,W4382202217
A5017221993,Marta Cordeiro,Brazilian to Foreign,2022,BR,W4308718314,2023,IT,W4382202217
A5049074947,Katia da Silva dos Santos,Brazilian to Foreign,2023,BR,W4383105350,2023,UY,W4386065335
A5031297994,Julio Santillán-Aldana,Brazilian to Foreign,2017,BR,W2747709880,2023,PE,W4383112300
A5014560005,Juliana Fachin,Brazilian to Foreign,2022,BR,W4317564147,2023,PT,W4383112300
A5073463112,Jonathas Luiz Carvalho Silva,Brazilian to Foreign,2019,BR,W2948173502,2019,US,W2996185173
A5073463112,Jonathas Luiz Carvalho Silva,Foreign to Brazilian,2019,US,W2996185173,2020,BR,W3040131236
A5078185141,Luc Quoniam,Foreign to Brazilian,2015,FR,W1918918674,2016,BR,W2267249036
A5078185141,Luc Quoniam,Brazilian to Foreign,2021,BR,W4285347172,2023,FR,W4383199155
A5082970666,Ricardo José Oliveira Mouta,Foreign to Brazilian,2016,PT,W2588175404,2023,BR,W4382652900
A5063153423,Rui Rijo,Foreign to Brazilian,2017,PT,W2775091723,2019,"BR, PT",W3004067534
A5063153423,Rui Rijo,Brazilian to Foreign,2019,"BR, PT",W3004067534,2019,PT,W2973140467
A5063153423,Rui Rijo,Foreign to Brazilian,2019,PT,W2973140467,2019,BR,W2921497385
A5063153423,Rui Rijo,Brazilian to Foreign,2019,BR,W2921497385,2020,PT,W3152840003
A5010015371,Rodrigo Ronner Tertulino da Silva,Brazilian to Foreign,2015,BR,W1533047068,2021,PT,W3159228074
A5010015371,Rodrigo Ronner Tertulino da Silva,Foreign to Brazilian,2021,PT,W3159228074,2023,BR,W4313470011
A5090985514,Jair Urbanetz,Brazilian to Foreign,2019,BR,W2989785188,2020,GB,W4246354227
A5090985514,Jair Urbanetz,Foreign to Brazilian,2020,GB,W4246354227,2020,BR,W3111318477
A5107878612,Eduardo Weide Luiz,Brazilian to Foreign,2023,BR,W2806826710,2023,FR,W4389124139
A5023650231,Weslley da Silva Pereira,Brazilian to Foreign,2021,BR,W2994877760,2022,US,W4292941884
A5022090482,Lucimere Maria dos Santos,Brazilian to Foreign,2022,BR,W4229333410,2023,CL,W4313586042
A5026796700,Benedita Lopes Fernandes Eleutério,Brazilian to Foreign,2022,"BR, CL, NL",W4312202634,2023,"CL, NL",W4313579819
A5074756521,Andréia Machado Oliveira,Brazilian to Foreign,2022,BR,W4289334789,2023,ZA,W4320913596
A5020581370,Francisco Antônio Pereira Fialho,Brazilian to Foreign,2018,"BR, PE",W2906938633,2019,PE,W2999034370
A5020581370,Francisco Antônio Pereira Fialho,Foreign to Brazilian,2019,PE,W2999034370,2021,BR,W4205468823
A5075680629,Fernando Álvaro Ostuni Gauthier,Brazilian to Foreign,2015,BR,W2237554697,2017,IT,W2752312958
A5075680629,Fernando Álvaro Ostuni Gauthier,Foreign to Brazilian,2017,IT,W2752312958,2019,BR,W2928319581
A5007173796,Armando Malheiro da Silva,Foreign to Brazilian,2016,PT,W2587466885,2017,"BR, DE, MX, PT",W2751940510
A5007173796,Armando Malheiro da Silva,Brazilian to Foreign,2017,"BR, DE, MX, PT",W2751940510,2017,PT,W2622596106
A5029568844,Sílvia Silva da Costa Botelho,Brazilian to Foreign,2018,BR,W2903746868,2018,US,W2903936266
A5029568844,Sílvia Silva da Costa Botelho,Foreign to Brazilian,2018,US,W2903936266,2018,BR,W2903416847
A5057589261,Edson Koiti Kudo Yasojima,Foreign to Brazilian,2015,JP,W2437428127,2018,BR,W2896730743
A5103617544,Iuri Muniz Pepe,Brazilian to Foreign,2022,BR,W4210531541,2023,US,W3133758083
A5019075641,Rodrigo Firmino,Foreign to Brazilian,2019,PR,W3185000901,2019,BR,W2928698023
A5080290691,Ana Paula da Penha Alves,Brazilian to Foreign,2023,BR,W4378389865,2023,MX,W4378377296
A5080290691,Ana Paula da Penha Alves,Foreign to Brazilian,2023,MX,W4378377296,2023,BR,W4387471922
A5001403899,Cesar Augusto Veras,Brazilian to Foreign,2020,BR,W3090049864,2023,IT,W4378087015
A5029231499,Lara S. G. Piccolo,Brazilian to Foreign,2016,BR,W2283380294,2017,GB,W2735848269
A5021399335,Murilo César do Nascimento,Brazilian to Foreign,2020,BR,W3040489113,2022,UY,W4307282894
A5021399335,Murilo César do Nascimento,Foreign to Brazilian,2022,UY,W4299497962,2023,BR,W4378472313
A5050784275,Fernando Selleri Silva,Foreign to Brazilian,2020,US,W3043953984,2023,BR,W4378472546
A5051545343,Patrício de Almeida Costa,Brazilian to Foreign,2020,BR,W3090573312,2023,US,W4378909140
A5030055502,Maria Inês Beltrati Cornacchioni Rehder,Foreign to Brazilian,2019,IT,W4380490302,2023,BR,W4379384230
A5061446215,Jaime E. Muñoz Rivera,Foreign to Brazilian,2017,CL,W2761937921,2018,BR,W2805315773
A5061446215,Jaime E. Muñoz Rivera,Brazilian to Foreign,2020,BR,W2790063357,2021,CL,W3120653961
A5061446215,Jaime E. Muñoz Rivera,Foreign to Brazilian,2021,CL,W3120653961,2022,BR,W4307052846
A5062191171,Gustavo Cainelli,Brazilian to Foreign,2020,BR,W3113277213,2021,DE,W3213015306
A5062191171,Gustavo Cainelli,Foreign to Brazilian,2023,DE,W4386323853,2023,BR,W4365814573
A5009389756,Fabio Santos,Brazilian to Foreign,2021,BR,W4286903130,2021,US,W3176953535
A5009389756,Fabio Santos,Foreign to Brazilian,2022,US,W4296422554,2022,"BR, US",W4225785583
A5009389756,Fabio Santos,Brazilian to Foreign,2022,"BR, US",W4225785583,2023,US,W4386307902
A5010003572,João Felipe Pimentel,Brazilian to Foreign,2021,BR,W3208739506,2022,US,W4299818895
A5035738544,Roberto Perez Xavier,Brazilian to Foreign,2015,BR,W2332730733,2016,ES,W2707281611
A5035738544,Roberto Perez Xavier,Foreign to Brazilian,2016,ES,W2707281611,2019,BR,W3087133605
A5010148364,Lislaine Aparecida Fracolli,Brazilian to Foreign,2022,BR,W4293458448,2023,PE,W4323556451
A5010148364,Lislaine Aparecida Fracolli,Foreign to Brazilian,2023,PE,W4323556451,2023,BR,W4382138780
A5011639624,Virgínia Bentes Pinto,Brazilian to Foreign,2015,BR,W1917185174,2016,US,W2600654253
A5011639624,Virgínia Bentes Pinto,Foreign to Brazilian,2016,US,W2600654253,2016,BR,W2557273430
A5049516094,Adolfo Bauchspiess,Brazilian to Foreign,2019,BR,W2996926572,2019,US,W2975101788
A5049516094,Adolfo Bauchspiess,Foreign to Brazilian,2019,US,W2975101788,2022,BR,W3027905329
A5084402863,Fabricio Bortoluzzi,Brazilian to Foreign,2021,BR,W3158088906,2023,NO,W4385831603
A5007112029,Cecília Dias Flores,Brazilian to Foreign,2015,BR,W2020808328,2016,AG,W2730577467
A5007112029,Cecília Dias Flores,Foreign to Brazilian,2016,AG,W2730577467,2016,BR,W2517400563
A5086854166,Luiz Carlos Marcos Vieira,Brazilian to Foreign,2019,BR,W2925211589,2023,US,W4362653797
A5018369442,Nazim Agoulmine,Foreign to Brazilian,2015,FR,W4241806396,2015,"BR, FR",W2343199298
A5018369442,Nazim Agoulmine,Brazilian to Foreign,2015,"BR, FR",W2343199298,2015,FR,W2519329917
A5085287350,Ana Lívia Castelo Branco de Oliveira,Brazilian to Foreign,2021,BR,W3161897129,2023,AO,W4362607385
A5085287350,Ana Lívia Castelo Branco de Oliveira,Foreign to Brazilian,2023,AO,W4362607385,2023,BR,W4388642536
A5067761366,Sérgio Takeo Kofuji,Foreign to Brazilian,2015,MZ,W3161763531,2015,BR,W2290489412
A5025941213,Ignasi Sau,Foreign to Brazilian,2016,FR,W3008454578,2017,"BR, FR",W2929956868
A5025941213,Ignasi Sau,Brazilian to Foreign,2018,"BR, FR",W2962762415,2019,FR,W2977692557
A5025941213,Ignasi Sau,Foreign to Brazilian,2019,FR,W2977692557,2019,"BR, FR",W2964140139
A5025941213,Ignasi Sau,Brazilian to Foreign,2019,"BR, FR",W2944540875,2019,FR,W2998050277
A5076688244,Leonardo Montecchi,Foreign to Brazilian,2016,IT,W2528872445,2018,BR,W2892128017
A5079558718,Roderic Broadhurst,Foreign to Brazilian,2020,AU,W3124442887,2020,"AU, BR",W4235422164
A5079558718,Roderic Broadhurst,Brazilian to Foreign,2020,"AU, BR",W4235422164,2023,AU,W4324281733
A5062052157,Danilo R. Silva,Brazilian to Foreign,2020,BR,W3123459273,2023,CL,W4323319540
A5088553180,Rui M.P. Almeida,Brazilian to Foreign,2022,"BR, PT",W4311904697,2023,PT,W4327629932
A5085920524,José C. M. Duque,Brazilian to Foreign,2022,"BR, PT",W4311904697,2023,PT,W4327629932
A5065404979,Willian S. Panni,Brazilian to Foreign,2022,"BR, PT",W4311904697,2023,PT,W4327629932
A5074525572,Mateus Espadoto,Brazilian to Foreign,2022,BR,W4212900831,2023,NL,W4323040779
A5074525572,Mateus Espadoto,Foreign to Brazilian,2023,NL,W4323040779,2023,BR,W4321501945
A5085791733,Sérgio Thode Filho,Brazilian to Foreign,2021,BR,W3151128675,2021,GB,W4226372290
A5085791733,Sérgio Thode Filho,Foreign to Brazilian,2021,GB,W4226372290,2023,BR,W4322727289
A5016939231,Roberto Cesar Oliveira,Foreign to Brazilian,2023,US,W4322624520,2023,BR,W4322624503
A5039054328,João C. W. A. Costa,Brazilian to Foreign,2022,BR,W4313424741,2022,PT,W4312725722
A5039054328,João C. W. A. Costa,Foreign to Brazilian,2022,PT,W4312725722,2023,BR,W4322618871
A5017454353,Jean Luca Bez,Brazilian to Foreign,2021,BR,W4200564599,2021,US,W4200196940
A5017454353,Jean Luca Bez,Foreign to Brazilian,2021,US,W4200196940,2023,BR,W4391140341
A5017454353,Jean Luca Bez,Brazilian to Foreign,2023,BR,W4391140341,2023,US,W4385605860
A5019215692,Duncan D. Ruiz,Brazilian to Foreign,2018,BR,W2897483681,2018,PT,W2904395518
A5019215692,Duncan D. Ruiz,Foreign to Brazilian,2018,PT,W2904395518,2018,BR,W2898077673
A5042303487,Cristine Hoepers,Brazilian to Foreign,2019,BR,W2974175673,2019,TN,W3136639920
A5042303487,Cristine Hoepers,Foreign to Brazilian,2019,TN,W3136639920,2019,BR,W3162562667
A5042303487,Cristine Hoepers,Brazilian to Foreign,2019,BR,W2914421493,2021,TN,W4205854126
A5042303487,Cristine Hoepers,Foreign to Brazilian,2021,TN,W4205854126,2022,BR,W4290988632
A5056457869,Klaus Steding-Jessen,Brazilian to Foreign,2019,BR,W2974175673,2019,TN,W3136639920
A5056457869,Klaus Steding-Jessen,Foreign to Brazilian,2019,TN,W3136639920,2019,BR,W3162562667
A5056457869,Klaus Steding-Jessen,Brazilian to Foreign,2019,BR,W2914421493,2021,TN,W4205854126
A5056457869,Klaus Steding-Jessen,Foreign to Brazilian,2021,TN,W4205854126,2022,BR,W4290988632
A5061245215,Marcelo H. P. C. Chaves,Brazilian to Foreign,2019,BR,W2974175673,2019,TN,W3136639920
A5061245215,Marcelo H. P. C. Chaves,Foreign to Brazilian,2021,TN,W4205854126,2022,BR,W4290988632
A5102880197,Tiago Carneiro,Brazilian to Foreign,2018,BR,W2897722020,2020,FR,W3130512160
A5102880197,Tiago Carneiro,Foreign to Brazilian,2023,BE,W4390678999,2023,BR,W4388214491
A5066821813,Víctor H. Lachos,Brazilian to Foreign,2017,BR,W2620014403,2018,US,W2902975624
A5041630241,Adıń Ramıŕez Rivera,Brazilian to Foreign,2022,"BR, NO",W4286224762,2022,IS,W4226022515
A5041630241,Adıń Ramıŕez Rivera,Foreign to Brazilian,2022,IS,W4226022515,2022,"BR, NO",W3126843761
A5041630241,Adıń Ramıŕez Rivera,Brazilian to Foreign,2022,"BR, NO",W3126843761,2023,NO,W4390190360
A5040231783,Anderson da Silva Honorato,Brazilian to Foreign,2022,BR,W4281647164,2023,AR,W4364378000
A5050276927,Daniela Ushizima,Foreign to Brazilian,2019,US,W2947234795,2019,"BR, US",W2970995875
A5050276927,Daniela Ushizima,Brazilian to Foreign,2019,"BR, US",W2970995875,2019,US,W2912449434
A5018707025,Fátima N. S. de Medeiros,Brazilian to Foreign,2021,BR,W3183269049,2021,US,W3125631590
A5018707025,Fátima N. S. de Medeiros,Foreign to Brazilian,2021,US,W3125631590,2022,BR,W4312545979
A5079110081,Henry Carvajal Mora,Brazilian to Foreign,2017,BR,W2768186750,2021,EC,W3144522989
A5007382966,Nathaly Orozco Garzón,Brazilian to Foreign,2017,BR,W2768186750,2021,EC,W3144522989
A5044708805,Fernando Pereira,Foreign to Brazilian,2020,PT,W3088900668,2021,BR,W3209898009
A5044708805,Fernando Pereira,Brazilian to Foreign,2021,BR,W3209898009,2023,PT,W4328007363
A5035341272,Maria Isabel da Conceição Dias Fernandes,Brazilian to Foreign,2017,BR,W2725399830,2020,PT,W3091665814
A5035341272,Maria Isabel da Conceição Dias Fernandes,Foreign to Brazilian,2020,PT,W3091665814,2023,"BR, ID",W4366267522
A5004635358,Ana Luísa Brandão de Carvalho Lira,Brazilian to Foreign,2017,BR,W2745815555,2017,MX,W2754147936
A5004635358,Ana Luísa Brandão de Carvalho Lira,Foreign to Brazilian,2017,MX,W2754147936,2017,BR,W2904486146
A5003643363,Carlos Alexandre Gouvea da Silva,Brazilian to Foreign,2020,BR,W3048925382,2021,UY,W4213257476
A5003643363,Carlos Alexandre Gouvea da Silva,Foreign to Brazilian,2021,UY,W4213257476,2021,BR,W3186732528
A5103188201,Stevão Alves de Andrade,Foreign to Brazilian,2019,ES,W2988318083,2019,BR,W2973365434
A5101930005,Thiago Castro Ferreira,Foreign to Brazilian,2017,NL,W2589291232,2018,BR,W2963493780
A5036767529,Cristina Dutra de Aguiar Ciferri,Brazilian to Foreign,2016,BR,W2381748642,2018,ES,W2912574156
A5036767529,Cristina Dutra de Aguiar Ciferri,Foreign to Brazilian,2018,ES,W2912283661,2018,BR,W2892991540
A5077742059,Maurício Pamplona Segundo,Brazilian to Foreign,2021,BR,W3086833091,2022,US,W4281748357
A5022974436,Vagner Figuerêdo de Santana,Brazilian to Foreign,2019,BR,W2967085577,2023,US,W4327920783
A5022974436,Vagner Figuerêdo de Santana,Foreign to Brazilian,2023,US,W4327920783,2023,BR,W4366729122
A5086530079,Maximilian Espuny,Foreign to Brazilian,2021,US,W3193870968,2023,BR,W4386328299
A5101819568,Markus Schneider,Foreign to Brazilian,2018,US,W2897409805,2019,BR,W2979529176
A5101819568,Markus Schneider,Brazilian to Foreign,2019,BR,W2979529176,2020,US,W3082139159
A5054254551,Marcos L.S. Oliveira,Foreign to Brazilian,2021,"CO, PE",W3200243796,2022,"BR, CO",W4292337113
A5081162617,Miguel J. Bagajewicz,Foreign to Brazilian,2019,US,W2926788649,2020,"BR, US",W3040664924
A5032451602,Millaray Curilem,Foreign to Brazilian,2018,CL,W2896967575,2019,BR,W2982495243
A5032451602,Millaray Curilem,Brazilian to Foreign,2019,BR,W2982495243,2020,CL,W3023289002
A5078304356,Pedro M. de Sant Ana,Brazilian to Foreign,2019,BR,W2906943359,2019,KR,W2964468541
A5078304356,Pedro M. de Sant Ana,Foreign to Brazilian,2019,KR,W2964468541,2020,BR,W3013109447
A5062747414,Lucas Ângelo Silveira,Foreign to Brazilian,2017,ID,W2770625066,2017,BR,W2612090087
A5052802301,Pedro Luiz Ramos,Brazilian to Foreign,2020,BR,W3047138696,2023,CL,W4388021402
A5100761445,Vítor Silva,Foreign to Brazilian,2022,US,W4296988035,2023,BR,W4387885808
A5000326220,Joel D. Costa,Foreign to Brazilian,2019,PT,W2977949645,2019,BR,W2992260738
A5043426668,Alejandro Caballero Rivero,Brazilian to Foreign,2019,BR,W2987592373,2023,AR,W4388972861
A5012579745,Oscar Maurício Caicedo Rendón,Brazilian to Foreign,2015,BR,W4243525747,2015,CO,W2291426524
A5012579745,Oscar Maurício Caicedo Rendón,Foreign to Brazilian,2015,CO,W2101240434,2015,"BR, CO",W1884352935
A5012579745,Oscar Maurício Caicedo Rendón,Brazilian to Foreign,2015,BR,W2052037185,2016,CO,W2510118038
A5089287870,Paolo Lollini,Foreign to Brazilian,2019,IT,W3006259079,2021,"BR, IT",W3121032360
A5089287870,Paolo Lollini,Brazilian to Foreign,2021,"BR, IT",W3121032360,2023,IT,W4388212579
A5063772137,Douglas Mota Dias,Brazilian to Foreign,2022,"BR, IE",W4213298860,2022,IE,W4290065488
A5063772137,Douglas Mota Dias,Foreign to Brazilian,2022,IE,W4290065488,2022,BR,W4284967583
A5063772137,Douglas Mota Dias,Brazilian to Foreign,2022,"BR, IE",W4296102027,2022,IE,W4213379958
A5063772137,Douglas Mota Dias,Foreign to Brazilian,2022,IE,W4213379958,2023,"BR, IE",W4388877150
A5082611298,Shoaib Jameel,Foreign to Brazilian,2019,GB,W2991075206,2020,"BR, GB, PT",W3005107182
A5082611298,Shoaib Jameel,Brazilian to Foreign,2020,"BR, GB, PT",W3005107182,2021,GB,W3136160336
A5059048857,Heitor R. Guimarães,Brazilian to Foreign,2021,BR,W3212500403,2023,CA,W4387757490
A5069324385,Antônio Wendell De Oliveira Rodrigues,Foreign to Brazilian,2016,US,W2903270542,2016,BR,W2549999526
A5016603896,Henrique D. Moura,Brazilian to Foreign,2020,BR,W3006930226,2023,BE,W4389077463
A5028233542,Rodrigo Marques da Silva,Brazilian to Foreign,2020,BR,W3104747924,2020,CO,W3096416372
A5028233542,Rodrigo Marques da Silva,Foreign to Brazilian,2020,CO,W3096416372,2023,BR,W4388328396
A5037049485,Tiago da Cruz Asmus,Brazilian to Foreign,2020,"BR, ES",W3107142206,2021,ES,W4213321735
A5037049485,Tiago da Cruz Asmus,Foreign to Brazilian,2021,ES,W4213321735,2023,BR,W4388517656
A5049375194,Humberto Bustince,Foreign to Brazilian,2021,ES,W4206650383,2022,BR,W4295768357
A5049375194,Humberto Bustince,Brazilian to Foreign,2022,BR,W4295768357,2022,ES,W4228998677
A5012722031,Abteen Ebrahimi,Foreign to Brazilian,2022,US,W4311192353,2023,"BR, US, UY",W4386566584
A5010343739,Arturo Oncevay,Foreign to Brazilian,2022,GB,W4311192353,2023,"BR, US, UY",W4386566584
A5050439418,John E. Ortega,Foreign to Brazilian,2022,US,W4311192353,2023,"BR, US, UY",W4386566584
A5052471374,Luis Chiruzzo,Foreign to Brazilian,2022,UY,W4311192353,2023,"BR, US, UY",W4386566584
A5088969046,Rolando Coto‐Solano,Foreign to Brazilian,2022,US,W4311192353,2023,"BR, US, UY",W4386566584
A5082874907,Katharina Kann,Foreign to Brazilian,2022,US,W4311192353,2023,"BR, US, UY",W4386566584
A5006942750,Marcio Lima Inácio,Brazilian to Foreign,2022,"BR, US",W4285006162,2023,PT,W4386832543
A5089325744,Marco Antonio Sobrevilla Cabezudo,Brazilian to Foreign,2015,BR,W2280952378,2015,PE,W1165718293
A5089325744,Marco Antonio Sobrevilla Cabezudo,Foreign to Brazilian,2018,PE,W2805669885,2019,BR,W2964515912
A5064054034,Victor Coscrato,Brazilian to Foreign,2020,BR,W3022084417,2023,IE,W4323030681
A5068669849,Marco Henrique de Almeida Inácio,Brazilian to Foreign,2020,BR,W3008660552,2023,HU,W4323030681
A5071846288,Rafael Capilla,Foreign to Brazilian,2018,ES,W2891559871,2020,"BR, ES",W3127674842
A5071846288,Rafael Capilla,Brazilian to Foreign,2020,"BR, ES",W3127674842,2023,ES,W4320036429
A5024802094,Jonatas Adilson Marques,Brazilian to Foreign,2023,BR,W4381744879,2023,US,W4386049794
A5024802094,Jonatas Adilson Marques,Foreign to Brazilian,2023,US,W4386049794,2023,BR,W4381744881
A5090301981,Diego O. Rodrigues,Brazilian to Foreign,2023,BR,W4381745010,2023,CH,W4384703095
A5033228498,Breno Campos Ferreira Guimarães,Brazilian to Foreign,2016,BR,W2565678539,2017,US,W2619305731
A5033228498,Breno Campos Ferreira Guimarães,Foreign to Brazilian,2017,US,W2619305731,2017,BR,W2761620348
A5089272022,Enrique Fernández‐Cara,Foreign to Brazilian,2018,ES,W2808019040,2023,"BR, ES",W4318472392
A5083003965,Dick Carrillo,Brazilian to Foreign,2017,BR,W2732587964,2020,FI,W3015556091
A5083003965,Dick Carrillo,Foreign to Brazilian,2021,FI,W3157189912,2021,"BR, FI",W3163420529
A5083003965,Dick Carrillo,Brazilian to Foreign,2021,"BR, FI",W3163420529,2022,FI,W4311040533
A5057912061,Claude Tadonki,Foreign to Brazilian,2017,FR,W2617091226,2018,"BR, FR",W4214561619
A5057912061,Claude Tadonki,Brazilian to Foreign,2018,"BR, FR",W4214561619,2023,FR,W4322743390
A5031575825,Frédéric Havet,Foreign to Brazilian,2018,FR,W2595408264,2019,"BR, FR, NO",W2529546365
A5031575825,Frédéric Havet,Brazilian to Foreign,2019,"BR, FR, NO",W2529546365,2022,AT,W4220817013
A5081204144,Roniel S. de Sousa,Foreign to Brazilian,2020,CA,W3108396004,2021,"BR, CA",W3185489179
A5040197766,Racyus D. G. Pacífico,Foreign to Brazilian,2016,CN,W2566508374,2018,BR,W2920607136
A5081045413,Breno Orzari,Foreign to Brazilian,2021,CH,W3212521805,2023,BR,W4387769340
A5051030192,Túlio Pascoal,Brazilian to Foreign,2016,BR,W2551362945,2020,LU,W3010887667
A5051030192,Túlio Pascoal,Foreign to Brazilian,2022,LU,W4290988376,2023,"BR, LU",W4383466193
A5090480187,João P. L. de Carvalho,Brazilian to Foreign,2021,"BR, CA",W3173370496,2022,CA,W4309763245
A5048554669,José Nelson Amaral,Foreign to Brazilian,2015,CA,W2245875467,2015,BR,W2293241167
A5048554669,José Nelson Amaral,Brazilian to Foreign,2015,BR,W2293241167,2016,CA,W2480270182
A5100322028,Rafael Silva,Foreign to Brazilian,2015,US,W3161475450,2016,BR,W2560793535
A5046687729,Antônio M. Batista,Brazilian to Foreign,2016,BR,W2560522936,2018,"CN, DE, GB, UA",W2884421451
A5046687729,Antônio M. Batista,Foreign to Brazilian,2018,"CN, DE, GB, UA",W2884421451,2019,BR,W3105386451
A5016576177,Lucelene Lopes,Brazilian to Foreign,2017,BR,W2726212870,2019,US,W2968122353
A5016576177,Lucelene Lopes,Foreign to Brazilian,2019,US,W2968122353,2021,BR,W3212334520
A5016306889,Luís Fernando de Souza Cardoso,Brazilian to Foreign,2020,BR,W3046394541,2023,DE,W4380271716
A5102845861,Pedro Batista,Brazilian to Foreign,2019,BR,W2993593987,2020,SE,W3111656105
A5029812222,Robert W. Heath,Brazilian to Foreign,2018,BR,W2900692210,2018,US,W2919653617
A5053429698,Eric Aislan Antonelo,Brazilian to Foreign,2016,BR,W2500146460,2017,LU,W2606678618
A5053429698,Eric Aislan Antonelo,Foreign to Brazilian,2019,LU,W2955394818,2020,BR,W3112460852
A5080924420,Thais de Lima Silva,Brazilian to Foreign,2020,BR,W2999178951,2023,AE,W4387933067
A5003151858,Leandro Aolita,Foreign to Brazilian,2015,DE,W3100089783,2018,BR,W2896280248
A5003151858,Leandro Aolita,Brazilian to Foreign,2022,"AE, BR",W4313332489,2023,AE,W4387933067
A5087201377,Alex A. Freitas,Foreign to Brazilian,2015,GB,W1965594727,2016,BR,W24396694
A5087201377,Alex A. Freitas,Brazilian to Foreign,2016,BR,W24396694,2017,GB,W2735881160
A5067687769,Vinícius M. Alves,Brazilian to Foreign,2020,"BR, US",W3004841653,2020,US,W3045876280
A5067687769,Vinícius M. Alves,Foreign to Brazilian,2020,US,W3045876280,2020,"BR, US",W3008194656
A5067687769,Vinícius M. Alves,Brazilian to Foreign,2020,"BR, US",W3008194656,2020,US,W3042607120
A5067687769,Vinícius M. Alves,Foreign to Brazilian,2020,US,W3048047901,2021,"BR, US",W3158507782
A5067687769,Vinícius M. Alves,Brazilian to Foreign,2021,"BR, US",W3158507782,2022,US,W4226086528
A5029916489,Eugene Muratov,Foreign to Brazilian,2020,US,W3004841653,2020,"BR, US",W3045876280
A5029916489,Eugene Muratov,Brazilian to Foreign,2020,"BR, US",W3045876280,2020,"UA, US",W3008194656
A5029916489,Eugene Muratov,Foreign to Brazilian,2020,"UA, US",W3008194656,2020,"BR, US",W3042607120
A5029916489,Eugene Muratov,Brazilian to Foreign,2020,BR,W3048047901,2021,US,W3160328897
A5029916489,Eugene Muratov,Foreign to Brazilian,2021,US,W3134810820,2021,"BR, US",W3158507782
A5001184550,Boris Pérez,Foreign to Brazilian,2021,CO,W3171002877,2021,BR,W3163423879
A5001184550,Boris Pérez,Brazilian to Foreign,2021,BR,W3163423879,2021,CO,W4200431398
A5041998052,Clemente Izurieta,Foreign to Brazilian,2021,US,W3171002877,2021,BR,W3163423879
A5041998052,Clemente Izurieta,Brazilian to Foreign,2021,BR,W3163423879,2021,US,W3190811579
A5032578352,Jean Paul Kamdem,Brazilian to Foreign,2018,BR,W2789432055,2023,CA,W4362719734
A5005194184,Diego Marcílio,Brazilian to Foreign,2019,BR,W2954469728,2020,CH,W3021638313
A5077658936,Christoph Treude,Brazilian to Foreign,2015,BR,W2101003240,2016,AU,W2510402790
A5077658936,Christoph Treude,Foreign to Brazilian,2016,AU,W2510402790,2016,BR,W2467584898
A5077658936,Christoph Treude,Brazilian to Foreign,2016,BR,W2368671040,2016,AU,W2523182588
A5077658936,Christoph Treude,Foreign to Brazilian,2016,AU,W2523182588,2016,BR,W2396718181
A5077658936,Christoph Treude,Brazilian to Foreign,2016,BR,W2396718181,2017,AU,W2765995407
A5041195402,Felipe Maia Polo,Brazilian to Foreign,2022,BR,W3190688280,2023,US,W4386366369
A5037252444,José Bellardo Villegas Salavarria,Brazilian to Foreign,2021,BR,W3167120821,2023,EC,W4387204667
A5045016749,Francisco Herrera,Foreign to Brazilian,2017,ES,W2749254779,2017,"BR, ES",W2789526227
A5045016749,Francisco Herrera,Brazilian to Foreign,2017,"BR, ES",W2789526227,2018,ES,W2884880418
A5056899131,Ramon Fraga Pereira,Brazilian to Foreign,2020,BR,W3008135457,2021,IT,W3176064495
A5032675988,Filipe R. Cogo,Brazilian to Foreign,2019,"BR, CA",W2989443621,2023,CA,W4317209725
A5076944357,Bruno Chagas,Brazilian to Foreign,2020,BR,W3105171227,2021,IE,W4210794116
A5038192704,Raul de Queiroz Mendes,Brazilian to Foreign,2020,BR,W3093404170,2023,NL,W4388579746
A5010977063,Joāo Otávio Chervinski,Brazilian to Foreign,2021,"AU, BR",W3174448527,2023,AU,W4385688888
A5037675052,Roger R. dos Santos,Foreign to Brazilian,2020,PR,W4285620308,2020,BR,W3036915154
A5085055674,Rasul Enayatifar,Brazilian to Foreign,2015,BR,W1999195032,2018,IR,W2803633784
A5051531709,Ray Neiheiser,Brazilian to Foreign,2020,BR,W3011637755,2023,AT,W4319996352
A5084499878,Wolfram Burgard,Brazilian to Foreign,2023,"BR, US",W4386076701,2023,DE,W4389666837
A5103282886,Rafael B. Stern,Foreign to Brazilian,2017,US,W2767953584,2019,BR,W2969408719
A5077682283,Telmo M. Silva Filho,Brazilian to Foreign,2021,BR,W4200156539,2022,GB,W4292832132
A5077682283,Telmo M. Silva Filho,Foreign to Brazilian,2022,GB,W4292832132,2022,BR,W4225483588
A5005482561,Peter W. Kenny,Brazilian to Foreign,2022,BR,W4293793251,2023,TT,W4388520183
A5100613889,Jonathan Li,Foreign to Brazilian,2021,CA,W3183078045,2022,"BR, CA, CN",W3128690705
A5100613889,Jonathan Li,Brazilian to Foreign,2022,"BR, CA, CN",W3128690705,2022,CA,W4205088062
A5039335917,Evelin Amorim,Brazilian to Foreign,2017,BR,W2741201359,2023,PT,W4313597114
A5026047203,Esteban Municio,Foreign to Brazilian,2020,BE,W3097269211,2020,BR,W3112921049
A5026047203,Esteban Municio,Brazilian to Foreign,2020,BR,W3112921049,2021,BE,W3136869786
A5012702448,Dante Augusto Couto Barone,Brazilian to Foreign,2018,BR,W2897335873,2020,FR,W3097292627
A5012702448,Dante Augusto Couto Barone,Foreign to Brazilian,2020,FR,W3097292627,2020,BR,W3030172870
A5076234894,Andrea Zisman,Foreign to Brazilian,2016,GB,W2560077982,2017,"BR, GB",W2744105247
A5076234894,Andrea Zisman,Brazilian to Foreign,2017,"BR, GB",W2744105247,2019,GB,W2999795274
A5015734596,Felipe André Zeiser,Brazilian to Foreign,2021,BR,W3093051993,2023,DE,W4367187225
A5015734596,Felipe André Zeiser,Foreign to Brazilian,2023,DE,W4367187225,2023,BR,W4388967009
A5075626456,Carlos Eduardo Thomaz,Brazilian to Foreign,2022,BR,W4316036110,2022,JP,W4206107126
A5075626456,Carlos Eduardo Thomaz,Foreign to Brazilian,2022,JP,W4206107126,2023,BR,W4383197786
A5080970505,Albert Bifet,Foreign to Brazilian,2015,CN,W2912912918,2017,BR,W2626498001
A5080970505,Albert Bifet,Brazilian to Foreign,2017,BR,W2626498001,2018,FR,W2893016462
A5071380196,Heitor Murilo Gomes,Brazilian to Foreign,2016,BR,W2608331844,2018,FR,W2896941490
A5071380196,Heitor Murilo Gomes,Foreign to Brazilian,2018,FR,W2892145319,2019,BR,W2921582040
A5071380196,Heitor Murilo Gomes,Brazilian to Foreign,2019,BR,W2921582040,2019,FR,W2911862380
A5034968363,Onel L. Alcaraz López,Brazilian to Foreign,2016,BR,W2561985140,2023,FI,W4362500734
A5053250970,Angelo Ferrando,Foreign to Brazilian,2019,IT,W2928736370,2022,"BR, IT",W4285794235
A5053250970,Angelo Ferrando,Brazilian to Foreign,2022,"BR, IT",W4285794235,2023,IT,W4360845889
A5036812254,Davide Ancona,Brazilian to Foreign,2022,"BR, IT",W4285794235,2023,IT,W4360845889
A5022301074,Viviana Mascardi,Foreign to Brazilian,2022,IT,W4285502294,2022,"BR, IT",W4285794235
A5022301074,Viviana Mascardi,Brazilian to Foreign,2022,"BR, IT",W4285794235,2023,IT,W4360845889
A5013500178,Danielle Alves Batista,Brazilian to Foreign,2016,BR,W2742446437,2023,CA,W4385480920
A5083239334,Ricardo M. Czekster,Brazilian to Foreign,2020,BR,W3116732355,2023,GB,W4381741512
A5080458831,Samira Afzal,Brazilian to Foreign,2020,BR,W3175743036,2023,AT,W4315607520
A5016273261,Leonardo Kayat Bittencourt,Brazilian to Foreign,2018,BR,W2906484429,2023,US,W4317865919
A5078569591,Erick Gomez-Nieto,Brazilian to Foreign,2018,BR,W2962784603,2018,PE,W2908939460
A5078569591,Erick Gomez-Nieto,Foreign to Brazilian,2019,PE,W2942535525,2019,BR,W2994227385
A5078569591,Erick Gomez-Nieto,Brazilian to Foreign,2019,BR,W2994227385,2021,PE,W3158286436
A5018868577,Felipe Grijalva,Brazilian to Foreign,2018,BR,W2802316466,2020,EC,W3107726277
A5030605260,Francisco Revson F. Pereira,Brazilian to Foreign,2018,BR,W2566064824,2019,NL,W2976371902
A5030605260,Francisco Revson F. Pereira,Foreign to Brazilian,2019,NL,W2976371902,2021,"BR, NL",W3200987404
A5030605260,Francisco Revson F. Pereira,Brazilian to Foreign,2022,"BR, IT",W3159382443,2023,"DE, IT",W4382630819
A5064131767,Henrique Rocha,Brazilian to Foreign,2017,BR,W2747183984,2023,US,W4383312015
A5008958117,Rafael Valente da Silva,Brazilian to Foreign,2022,BR,W4289656092,2023,FI,W4386495232
A5024711661,Raphael Nagao,Foreign to Brazilian,2016,US,W2376147186,2019,BR,W2971519613
A5069259459,Fábio Kon,Brazilian to Foreign,2015,BR,W2769153734,2015,CA,W2284585342
A5069259459,Fábio Kon,Foreign to Brazilian,2015,CA,W2284585342,2015,BR,W1167959827
A5087659801,André Gustavo Carlon,Brazilian to Foreign,2017,BR,W2775144560,2023,SA,W4362736882
A5077314929,Emílio Vital Brazil,Foreign to Brazilian,2016,CA,W2290111277,2017,BR,W2767933989
A5013615833,Fernando Kaway Carvalho Ota,Brazilian to Foreign,2017,BR,W2729390307,2023,LU,W4386066561
A5038194277,Alisson Medeiros,Brazilian to Foreign,2020,BR,W3034709602,2021,CH,W3171374832
A5089532766,Raphael de Vicq Ferreira da Costa,Brazilian to Foreign,2021,BR,W3162678240,2023,PT,W4389787633
A5070126615,Marcelo Antônio Marotta,Brazilian to Foreign,2021,BR,W3163315201,2022,ID,W4295681740
A5070126615,Marcelo Antônio Marotta,Foreign to Brazilian,2022,ID,W4295681740,2022,BR,W4290989036
A5028250401,Antonio Carlos Bento,Brazilian to Foreign,2019,BR,W2996842227,2021,MX,W3143170304
A5101659311,Feng Du,Foreign to Brazilian,2015,CN,W302085301,2015,"BR, CN",W2196732677
A5101659311,Feng Du,Brazilian to Foreign,2015,"BR, CN",W2196732677,2023,CN,W4385201407
A5024736790,Changyu Xia,Brazilian to Foreign,2020,BR,W2999305789,2023,CN,W4385201407
A5054510591,Predrag R. Bakić,Brazilian to Foreign,2015,BR,W2199859772,2023,SE,W4386986619
A5083802264,Cristine Griffo,Brazilian to Foreign,2019,"BR, IT",W2980795046,2023,IT,W4386508424
A5000954458,Pedro Henrique Gomes,Foreign to Brazilian,2017,US,W2619420887,2017,"BE, BR",W2768514568
A5000954458,Pedro Henrique Gomes,Brazilian to Foreign,2017,"BE, BR",W2768514568,2020,SE,W3049155900
A5000954458,Pedro Henrique Gomes,Foreign to Brazilian,2020,SE,W3049155900,2020,BR,W3049243936
A5000954458,Pedro Henrique Gomes,Brazilian to Foreign,2022,BR,W4312257493,2023,SE,W4384158049
A5020154195,Lucca Portes Cavalheiro,Brazilian to Foreign,2021,BR,W3201452291,2023,FR,W4387805643
A5007251630,Laurent Heutte,Brazilian to Foreign,2016,BR,W2554892747,2017,FR,W2771292748
A5007251630,Laurent Heutte,Foreign to Brazilian,2022,FR,W4312826742,2023,BR,W4387805643
A5079775579,Mariana A. Souza,Brazilian to Foreign,2019,BR,W2977346222,2020,CA,W3090276718
A5069811040,Bernardo Pereira Nunes,Brazilian to Foreign,2019,BR,W2971875119,2020,AU,W3094252262
A5069811040,Bernardo Pereira Nunes,Foreign to Brazilian,2020,AU,W3123449824,2020,BR,W3047192482
A5069811040,Bernardo Pereira Nunes,Brazilian to Foreign,2020,BR,W3032559254,2021,AU,W4200438254
A5080966409,Douglas O. Cardoso,Brazilian to Foreign,2021,BR,W3211309956,2023,PT,W4319072310
A5042865794,Arthur Ramos,Brazilian to Foreign,2019,"BR, US",W2964262995,2021,GB,W3186857925
A5048983070,Jaime Rolando Rojas-Huacanca,Brazilian to Foreign,2022,"BR, PE",W4220675093,2023,PE,W4390098707
A5038031006,Jorge Sá Silva,Brazilian to Foreign,2015,BR,W3162025374,2016,PT,W3007340539
A5038031006,Jorge Sá Silva,Foreign to Brazilian,2021,PT,W3186415081,2021,BR,W3202528295
A5038031006,Jorge Sá Silva,Brazilian to Foreign,2021,BR,W3202528295,2022,PT,W4295035251
A5065239769,Claudenir M. Fonseca,Brazilian to Foreign,2017,BR,W2596063216,2019,IT,W2990635509
A5028564938,Ana P. Majtey,Brazilian to Foreign,2015,BR,W1985733488,2017,AR,W2734361773
A5032796995,Carlos de Gois,Brazilian to Foreign,2021,BR,W3127248518,2023,DE,W4387769409
A5035127563,Juan Garzón,Brazilian to Foreign,2021,"BR, PH",W3190608363,2023,CO,W4387581983
A5074230777,Aras Bozkurt,Brazilian to Foreign,2021,"BR, TR, ZA",W4210417801,2021,TR,W3210933450
A5029100221,Rory McGreal,Brazilian to Foreign,2020,"BR, CA",W3092017148,2022,CA,W4297513484
A5103259228,Rafael T. Pereira,Foreign to Brazilian,2015,PT,W2284312406,2022,BR,W4296441442
A5018164102,Alberto Avritzer,Foreign to Brazilian,2020,US,W3086798928,2021,"BR, CN",W4293170381
A5018164102,Alberto Avritzer,Brazilian to Foreign,2021,"BR, CN",W4293170381,2023,US,W4388212572
A5112006033,Sébastien Ferenczi,Brazilian to Foreign,2018,"BR, FR",W2963136327,2023,FR,W4388584192
A5073475557,Isaac P. Santos,Foreign to Brazilian,2015,MN,W2322753010,2020,"BR, US",W3006849393
A5001641637,Rosiane Filipin Rangel,Foreign to Brazilian,2020,US,W3013215202,2021,BR,W4248918111
A5015101891,Oclaris Lopes Munhoz,Brazilian to Foreign,2020,BR,W3093579259,2022,US,W4280606524
A5015101891,Oclaris Lopes Munhoz,Foreign to Brazilian,2022,US,W4280606524,2023,BR,W4388487919
A5091578195,Gabriel J. A. Grabher,Brazilian to Foreign,2020,BR,W3086007304,2023,FR,W4388483178
A5044230702,Manuela Moro Cabero,Foreign to Brazilian,2017,ES,W2895583059,2019,"BR, ES",W2972403602
A5044230702,Manuela Moro Cabero,Brazilian to Foreign,2019,"BR, ES",W2972403602,2019,ES,W2961566182
A5048826966,Marcelo F. Moreno,Brazilian to Foreign,2022,BR,W4297102412,2023,DE,W4389296289
A5048826966,Marcelo F. Moreno,Foreign to Brazilian,2023,DE,W4389296289,2023,BR,W4361006284
A5079353866,Rosana Fidelis Coelho Vieira,Foreign to Brazilian,2020,CL,W3039832839,2023,BR,W4388493883
A5083101777,Ilídio Lobato Ernesto Manhique,Foreign to Brazilian,2016,MZ,W2472225984,2018,"BR, MZ",W2893318901
A5083101777,Ilídio Lobato Ernesto Manhique,Brazilian to Foreign,2019,BR,W2980908713,2022,MZ,W4312190718
A5062469450,Phablo F. S. Moura,Brazilian to Foreign,2022,BR,W4211176253,2023,BE,W4381333094
A5090909690,Matheus J. Ota,Brazilian to Foreign,2021,BR,W3175879049,2023,CA,W4381333094
A5051951613,Marco Danelutto,Brazilian to Foreign,2017,BR,W2922251844,2017,IT,W2593611378
A5091471408,Ravi Prakash,Brazilian to Foreign,2019,"BR, US",W4247951317,2022,US,W4304084087
A5015558496,Gustavo A. Nunez Segura,Brazilian to Foreign,2021,BR,W3198523660,2023,CR,W4382248127
A5034986357,Paulo Tadeu Campos Lopes,Foreign to Brazilian,2018,PT,W4243882519,2023,BR,W4381294908
A5074801427,Natália Bolfarini Tognoli,Brazilian to Foreign,2017,BR,W2747836659,2017,US,W2941851131
A5074801427,Natália Bolfarini Tognoli,Foreign to Brazilian,2017,US,W2941851131,2017,BR,W2776241834
A5112594494,Renata S. S. Guizzardi,Brazilian to Foreign,2019,BR,W2980389963,2021,NL,W3160357906
A5112594494,Renata S. S. Guizzardi,Foreign to Brazilian,2021,NL,W3160357906,2022,BR,W4284964619
A5112594494,Renata S. S. Guizzardi,Brazilian to Foreign,2022,BR,W4284964619,2023,NL,W4388773539
A5048024414,José Vitor da Silva,Brazilian to Foreign,2020,BR,W3112572294,2022,UY,W4310533673
A5048024414,José Vitor da Silva,Foreign to Brazilian,2022,UY,W4310533673,2022,BR,W4307282894
A5052712445,Liudmila Miyar Otero,Brazilian to Foreign,2019,BR,W3090359031,2019,CU,W2946033791
A5052712445,Liudmila Miyar Otero,Foreign to Brazilian,2019,CU,W2946033791,2023,BR,W4387653226
A5061170318,Lucas Morais,Brazilian to Foreign,2017,BR,W2918110182,2023,ES,W4387587494
A5061989526,Amanda Silva dos Santos Aliança,Foreign to Brazilian,2021,"CL, DE, NL",W3206162830,2023,BR,W4387188840
A5022273138,Leo Silva,Brazilian to Foreign,2020,BR,W3027944516,2022,PT,W4328028921
A5035539880,Vérica Freitas,Brazilian to Foreign,2022,BR,W4283747406,2023,DE,W4387012774
A5032291051,Mairieli Wessel,Brazilian to Foreign,2021,BR,W3173903393,2022,NL,W4309620152
A5055912992,Alejandro C. Frery,Brazilian to Foreign,2020,BR,W3049427955,2021,NZ,W3207802907
A5055912992,Alejandro C. Frery,Foreign to Brazilian,2022,NZ,W4213377117,2023,"BR, NZ",W4389096257
A5069862846,Patrícia Matsubara,Brazilian to Foreign,2021,BR,W3216550300,2021,CN,W3175778493
A5069862846,Patrícia Matsubara,Foreign to Brazilian,2021,CN,W3175778493,2021,BR,W3204215301
A5047226405,Gabriele Mencagli,Foreign to Brazilian,2018,IT,W2907029259,2018,BR,W2806301754
A5047226405,Gabriele Mencagli,Brazilian to Foreign,2018,BR,W2806301754,2019,IT,W2946213459
A5041807648,Bruno Schulze,Brazilian to Foreign,2022,BR,W4308314698,2022,NL,W4313364211
A5041807648,Bruno Schulze,Foreign to Brazilian,2022,NL,W4313364211,2023,BR,W4388967749
A5088791642,Márcia Regina da Silva,Brazilian to Foreign,2016,BR,W2607065491,2017,GB,W2595626571
A5088791642,Márcia Regina da Silva,Foreign to Brazilian,2017,GB,W2595626571,2017,BR,W2804595782
A5000857246,Eduardo Charles,Brazilian to Foreign,2016,BR,W3163383978,2023,FR,W4389332314
A5113049789,Ginalber Luiz de Oliveira Serra,Brazilian to Foreign,2017,BR,W2616288224,2017,US,W2737392365
A5113049789,Ginalber Luiz de Oliveira Serra,Foreign to Brazilian,2017,US,W2737392365,2018,BR,W2905398685
A5049665461,Janislley Oliveira de Sousa,Brazilian to Foreign,2023,BR,W4390189712,2023,KH,W4391828575
A5063353998,Roberto C. Budzinski,Brazilian to Foreign,2019,BR,W2938640007,2023,CA,W4361270042
A5045249042,Cristiano Politowski,Brazilian to Foreign,2018,BR,W2797286216,2020,CA,W3090608193
A5053547739,Luciane Patrícia Andreani Cabral,Brazilian to Foreign,2020,BR,W3146497996,2020,PR,W3160381302
A5053547739,Luciane Patrícia Andreani Cabral,Foreign to Brazilian,2020,PR,W3160381302,2023,BR,W4362633239
A5016426916,Leonardo Souza Silva,Brazilian to Foreign,2017,BR,W2769364118,2019,MZ,W2988577274
A5016426916,Leonardo Souza Silva,Foreign to Brazilian,2019,MZ,W2988577274,2020,BR,W3107006812
A5036762777,Allan Christian Krainski Ferrari,Brazilian to Foreign,2020,BR,W3048925382,2021,UY,W4213257476
A5036762777,Allan Christian Krainski Ferrari,Foreign to Brazilian,2021,UY,W4213257476,2022,BR,W4310281862
A5103226106,Leonardo Sousa,Brazilian to Foreign,2019,BR,W2972498997,2020,US,W3027212681
A5103226106,Leonardo Sousa,Foreign to Brazilian,2021,US,W3204782874,2022,BR,W4297857312
A5103226106,Leonardo Sousa,Brazilian to Foreign,2022,BR,W4297857312,2023,US,W4384009783
A5014780710,Saeed Tafazolian,Foreign to Brazilian,2018,IR,W2783161780,2019,BR,W2963046571
A5049544015,Cristovão Freitas Iglesias,Brazilian to Foreign,2019,"BR, DE, US",W3011753085,2023,CA,W4385452280
A5029834888,Andrey Zubarev,Brazilian to Foreign,2021,BR,W3208728442,2023,RU,W4322012274
A5082249198,Gabriel Germino Martins de Jesus,Brazilian to Foreign,2022,BR,W4312897562,2023,FI,W4385269742
A5101401149,Lucas N. Ferreira,Foreign to Brazilian,2016,US,W2571978652,2017,BR,W2891133400
A5101401149,Lucas N. Ferreira,Brazilian to Foreign,2017,BR,W2891133400,2019,US,W2905350655
A5102898013,Rafael J. de Moraes,Foreign to Brazilian,2017,NL,W2587634400,2017,"BR, NL",W2588444166
A5102898013,Rafael J. de Moraes,Brazilian to Foreign,2017,"BR, NL",W2588444166,2018,NL,W2890213335
A5102898013,Rafael J. de Moraes,Foreign to Brazilian,2018,NL,W2890213335,2019,"BR, NL",W2931426967
A5014400101,António Lucas Soares,Brazilian to Foreign,2015,"BR, PT",W2964021581,2023,PT,W4385551577
A5078838690,Gabriel Franco,Brazilian to Foreign,2019,BR,W2994248849,2023,US,W4385562533
A5066051452,Christiano A. P. Rodrigues,Foreign to Brazilian,2022,FR,W4225524170,2023,"BR, FR",W4368405552
A5028245523,Maurício Barcellos Almeida,Brazilian to Foreign,2020,BR,W3002739417,2020,PT,W3080491111
A5028245523,Maurício Barcellos Almeida,Foreign to Brazilian,2020,PT,W3080491111,2021,BR,W4206155279
A5028066677,Tiago Vinuto,Brazilian to Foreign,2019,BR,W2953617193,2022,US,W4296989104
A5028066677,Tiago Vinuto,Foreign to Brazilian,2022,US,W4296989104,2022,BR,W4313129253
A5022672552,Fabiano B. Ruy,Foreign to Brazilian,2017,US,W3170480327,2017,BR,W2595799331
A5100750997,Bruno Riccelli dos Santos Silva,Brazilian to Foreign,2021,BR,W3130978103,2023,"MO, US",W4367054836
A5024542758,José Paulo Machado da Costa,Brazilian to Foreign,2017,BR,W4301000494,2023,PT,W4376630055
A5073510179,Jonas Ferrigolo Melo,Brazilian to Foreign,2019,BR,W2969273202,2023,PT,W4323537618
A5104083449,Jorge Luis Ramírez Alfonsín,Foreign to Brazilian,2019,FR,W4288549251,2023,"BR, FR",W3178971392
A5087338661,Leonel Morgado,Foreign to Brazilian,2020,PT,W3047597744,2020,BR,W3109391782
A5087338661,Leonel Morgado,Brazilian to Foreign,2021,"BR, PT",W3160146960,2023,PT,W4313581992
A5025944785,António Coelho,Brazilian to Foreign,2022,"BR, PT",W4306251396,2023,PT,W4313581992
A5014538827,Fernando Cassola,Brazilian to Foreign,2021,"BR, PT",W3160146960,2023,PT,W4313581992
A5083404824,Roberto Assis Machado,Brazilian to Foreign,2020,BR,W3094056446,2023,US,W4319442161
A5083329154,Fernando Brito e Abreu,Brazilian to Foreign,2015,"BR, PT",W2296681214,2015,PT,W1526431722
A5083329154,Fernando Brito e Abreu,Foreign to Brazilian,2015,PT,W1526431722,2015,"BR, PT",W4243473186
A5083329154,Fernando Brito e Abreu,Brazilian to Foreign,2015,"BR, PT",W4243473186,2015,PT,W2011174451
A5049248004,Toacy Oliveira,Brazilian to Foreign,2017,BR,W2728717465,2018,CA,W2982496367
A5049248004,Toacy Oliveira,Foreign to Brazilian,2018,CA,W2982496367,2019,BR,W2968848019
A5046511401,Charles de Päivä Santana,Brazilian to Foreign,2020,BR,W3040874064,2022,FR,W4320503708
A5110286985,María do Carmo,Brazilian to Foreign,2022,BR,W4320061717,2022,DE,W4289946141
A5034853815,Deepak Gupta,Foreign to Brazilian,2018,IN,W2907791773,2019,"BR, IN",W2922829195
A5034853815,Deepak Gupta,Brazilian to Foreign,2019,"BR, IN",W2922829195,2019,IN,W2986423549
A5034853815,Deepak Gupta,Foreign to Brazilian,2020,IN,W3086240734,2020,BR,W3092488277
A5034853815,Deepak Gupta,Brazilian to Foreign,2020,BR,W3092488277,2020,IN,W3023637590
A5034853815,Deepak Gupta,Foreign to Brazilian,2021,IN,W3185681649,2021,BR,W3178998853
A5034853815,Deepak Gupta,Brazilian to Foreign,2021,BR,W3178998853,2022,IN,W4321843857
A5082800312,Rodrigo Batista da Silva,Foreign to Brazilian,2020,UY,W3034887479,2022,BR,W4360983529
A5022049924,Isabel Miranda,Foreign to Brazilian,2015,PT,W2221237562,2022,BR,W4382705725
A5065478553,Ângela Beatriz de Menezes Leal,Brazilian to Foreign,2021,"BR, ES",W4286930114,2022,ES,W4381624255
A5055050505,Bruno M. C. Silva,Foreign to Brazilian,2016,PT,W2514254082,2022,BR,W4388807944
A5033610976,João Y. Ishihara,Brazilian to Foreign,2015,BR,W2294680243,2015,ES,W2079605428
A5033610976,João Y. Ishihara,Foreign to Brazilian,2015,ES,W2079605428,2016,BR,W2290560927
A5033401451,Pedro Costa Campos Filho,Foreign to Brazilian,2022,AO,W4395104717,2022,BR,W4395104733
A5070941369,Maria Cristina Palma Mungioli,Brazilian to Foreign,2022,BR,W4384397787,2022,PE,W4384397798
A5053225938,Anderson Lopes da Silva,Brazilian to Foreign,2019,"BR, PT, US",W3022230368,2022,TH,W4384397787
A5037904516,Edmilson Alves dos Santos Júnior,Foreign to Brazilian,2017,GB,W2768440919,2018,BR,W3127402660
A5102935340,K. Shankar,Foreign to Brazilian,2018,IN,W2907791773,2021,BR,W3201786179
A5091146473,Gabriella Pinheiro,Foreign to Brazilian,2022,ES,W4306354074,2022,BR,W4306354084
A5012313198,Antônio Fernandes Costa Lima,Foreign to Brazilian,2022,ES,W4306354074,2022,BR,W4306354084
A5036196638,Alex Sandra Ávila Minasi,Brazilian to Foreign,2022,BR,W4307049451,2022,PT,W4303195809
A5006978003,Dener Ottolini,Brazilian to Foreign,2022,BR,W4312270210,2022,IT,W4211116191
A5088271748,Bjørn Ursin,Brazilian to Foreign,2018,BR,W2892365861,2022,NO,W4312380312
A5038768201,Victor Hugo Ayma Quirita,Brazilian to Foreign,2017,BR,W2768030310,2022,PE,W4319435070
A5046565881,Mateus Fogaça,Brazilian to Foreign,2020,BR,W3111403189,2022,US,W4318224822
A5044792215,Heliana Mello,Brazilian to Foreign,2016,BR,W2345497472,2016,US,W2604643357
A5044792215,Heliana Mello,Foreign to Brazilian,2016,US,W2604643357,2017,BR,W2747790464
A5040223945,Ana Paula de Oliveira,Brazilian to Foreign,2022,BR,W4388431556,2022,"IT, MX",W4292393901
A5108701413,Aline Barbosa,Brazilian to Foreign,2022,BR,W4309643745,2022,ES,W4395103987
A5025904983,Helder Pinho,Foreign to Brazilian,2020,KR,W3115847310,2022,BR,W4394587498
A5001535161,Maurício Marengoni,Brazilian to Foreign,2019,BR,W2993751684,2022,US,W4313008986
A5069173550,Lucas Vago Santana,Brazilian to Foreign,2021,BR,W3185069228,2022,US,W4388806730
A5036871472,Antonio C. Leite,Brazilian to Foreign,2019,BR,W3120985692,2020,NO,W3156457003
A5085455064,Dennis Barrios-Aranibar,Foreign to Brazilian,2019,PE,W3010232858,2019,"BR, PE",W3010455729
A5085455064,Dennis Barrios-Aranibar,Brazilian to Foreign,2019,"BR, PE",W3010455729,2020,PE,W3002483940
A5000238517,Felipe Campelo,Brazilian to Foreign,2019,"BR, GB",W2892360407,2020,GB,W3007713785
A5021074759,Thaís Moreira São‐João,Brazilian to Foreign,2022,BR,W4311039290,2022,US,W4312193400
A5074677650,Paulo Vitor de Campos Souza,Brazilian to Foreign,2020,BR,W3005388262,2020,AT,W3025990656
A5074677650,Paulo Vitor de Campos Souza,Foreign to Brazilian,2020,AT,W3025990656,2020,BR,W3044539960
A5074677650,Paulo Vitor de Campos Souza,Brazilian to Foreign,2020,BR,W3044539960,2021,AT,W3190729632
A5066909695,Huoston Rodrigues Batista,Brazilian to Foreign,2019,BR,W2913831970,2022,AT,W4309374435
A5084536916,Juliana Lott Carvalho,Brazilian to Foreign,2021,BR,W3211339049,2022,PT,W4308995725
A5084536916,Juliana Lott Carvalho,Foreign to Brazilian,2022,PT,W4308995725,2022,BR,W4225524170
A5028896855,Winícius de Carvalho Alves,Foreign to Brazilian,2022,AO,W4308118151,2022,BR,W4312232623
A5052452767,Letícia Thomasi Jahnke Botton,Brazilian to Foreign,2022,BR,W4224316181,2022,ES,W4294795365
A5112469594,Ricardo Souza,Brazilian to Foreign,2020,BR,W3093895085,2022,SE,W4307943454
A5079039933,Maira Scaratti,Foreign to Brazilian,2018,IT,W2811047024,2022,BR,W4289923912
A5064694066,James A. Anderson,Foreign to Brazilian,2015,GB,W2287996205,2019,BR,W3125486718
A5081615506,Ricardo Marroquim,Brazilian to Foreign,2019,"BR, NL",W2970112655,2022,NL,W4307562892
A5049999991,Leandro M. G. Rocha,Brazilian to Foreign,2020,BR,W3083106595,2020,BE,W3031310476
A5049999991,Leandro M. G. Rocha,Foreign to Brazilian,2020,BE,W3031310476,2020,"BR, US",W3030597778
A5034954077,Cassiano Andrade,Brazilian to Foreign,2019,BR,W2996079717,2020,PT,W3042749122
A5034954077,Cassiano Andrade,Foreign to Brazilian,2020,PT,W3042749122,2022,BR,W4310173776
A5059180287,Luís A. da Silva Cruz,Foreign to Brazilian,2018,PT,W2797623358,2018,BR,W2942334785
A5059180287,Luís A. da Silva Cruz,Brazilian to Foreign,2018,BR,W2942334785,2018,PT,W2811239326
A5022723490,Igor Jochem Sanz,Brazilian to Foreign,2018,BR,W2866681005,2019,US,W2980708563
A5022723490,Igor Jochem Sanz,Foreign to Brazilian,2019,US,W2980708563,2019,BR,W2957654085
A5060969267,María Pía Mazzoleni,Brazilian to Foreign,2020,BR,W3084238658,2022,AR,W4288422138
A5062613886,Pilar Maria de Oliveira Moraes,Foreign to Brazilian,2021,US,W3167347478,2022,BR,W4296004607
A5052539387,Murillo Rehder Batista,Brazilian to Foreign,2020,BR,W3118348102,2022,"NO, US",W4297991415
A5070197816,Josué J. G. Ramos,Brazilian to Foreign,2020,BR,W3118348102,2022,"NO, US",W4297991415
A5060878198,Paulo S. L. M. Barreto,Brazilian to Foreign,2018,BR,W2793363346,2018,US,W2794738673
A5075026832,Gustavo H. M. Zanon,Brazilian to Foreign,2018,BR,W2901241775,2022,US,W4296344013
A5075026832,Gustavo H. M. Zanon,Foreign to Brazilian,2022,US,W4296344013,2022,BR,W4295681803
A5058050692,Eline Lima Borges,Foreign to Brazilian,2015,PT,W2335740940,2016,BR,W2944966721
A5100710675,María Manuela Martins,Foreign to Brazilian,2020,PT,W3120378602,2020,"BR, PT",W3003168180
A5100710675,María Manuela Martins,Brazilian to Foreign,2020,"BR, PT",W3003168180,2020,PT,W3042904705
A5006721343,Maria Adriana Ferreira da Silva,Brazilian to Foreign,2022,BR,W4312169332,2022,ES,W4311872393
A5072430390,Alysson Filgueira Milanez,Brazilian to Foreign,2022,BR,W4312169332,2022,ES,W4311872393
A5050771701,Cybelle Façanha Barreto Medeiros Linard,Foreign to Brazilian,2022,"CL, NL",W4312168971,2022,BR,W4311635212
A5028661786,Georgete Medleg Rodrigues,Brazilian to Foreign,2017,BR,W2596888482,2018,ID,W2909762994
A5028661786,Georgete Medleg Rodrigues,Foreign to Brazilian,2018,ID,W2909762994,2018,BR,W3208184389
A5111723650,Hanno Lefmann,Foreign to Brazilian,2020,DE,W2563982062,2022,"BR, DE",W4311904694
A5071095431,José Mauro Gouveia de Medeiros,Brazilian to Foreign,2017,BR,W2888779653,2020,ID,W3116837230
A5071095431,José Mauro Gouveia de Medeiros,Foreign to Brazilian,2020,ID,W3116837230,2022,BR,W4311783268
A5014272131,Mário A. Nascimento,Foreign to Brazilian,2018,CA,W2902955471,2022,"BR, CA, US",W4311072863
A5012146188,Alexandre M. Amory,Brazilian to Foreign,2020,BR,W3082007995,2021,IT,W3175876328
A5015245389,Nicksson Freitas,Foreign to Brazilian,2022,US,W4296989104,2022,BR,W4312933469
A5084570573,Abdallah Abdallah,Foreign to Brazilian,2018,US,W2849890658,2018,BR,W2889356355
A5084570573,Abdallah Abdallah,Brazilian to Foreign,2018,BR,W2889356355,2020,US,W3076483104
A5046820358,Cândida Çaniçali Primo,Brazilian to Foreign,2017,BR,W2793388501,2018,PT,W2811482317
A5046820358,Cândida Çaniçali Primo,Foreign to Brazilian,2018,PT,W4250320154,2018,BR,W2778104000
A5017862718,Lucas Bondan,Brazilian to Foreign,2016,BR,W2520699542,2016,"SK, US",W2508910069
A5017862718,Lucas Bondan,Foreign to Brazilian,2016,"SK, US",W2508910069,2017,"BR, SK, US",W2613001405
A5005920891,Gabriel S. Rodrigues,Brazilian to Foreign,2021,BR,W3176160541,2022,ID,W4295681740
A5005920891,Gabriel S. Rodrigues,Foreign to Brazilian,2022,ID,W4295681740,2022,BR,W4280579160
A5090520211,Luciano Marchezan,Brazilian to Foreign,2021,BR,W3204125170,2021,AT,W4200079650
A5051686661,Alfredo Almeida Pina-Oliveira,Brazilian to Foreign,2016,BR,W4213150522,2019,NG,W2948117354
A5029231779,Meline Rossetto Kron Rodrigues,Foreign to Brazilian,2022,NG,W4294010295,2022,BR,W4226061550
A5088238133,Ana Cláudia Costa de Araújo,Brazilian to Foreign,2021,BR,W4205526949,2022,ES,W4293733647
A5088238133,Ana Cláudia Costa de Araújo,Foreign to Brazilian,2022,ES,W4293733647,2022,BR,W4312195671
A5053978668,André Freitas,Foreign to Brazilian,2018,GB,W2799236386,2022,BR,W4293058803
A5026013353,Marcio Costa Santos,Brazilian to Foreign,2015,"BR, FR",W600706908,2016,FR,W2476637836
A5026013353,Marcio Costa Santos,Foreign to Brazilian,2016,FR,W2476637836,2021,BR,W3216275810
A5013118179,António Paulo Moreira,Foreign to Brazilian,2019,PT,W2963827705,2022,"BR, PT",W4290043182
A5108788180,Marcus Vinícius,Brazilian to Foreign,2019,BR,W2967697998,2022,DE,W4289946141
A5033747423,J.C. Huerta Mendoza,Brazilian to Foreign,2021,"BR, MX, VE",W4225528758,2022,MX,W4283076809
A5032028428,J.G. Malacara Navejar,Brazilian to Foreign,2021,"BR, MX, VE",W4225528758,2022,MX,W4283076809
A5048224254,Andrew D. A. Maidment,Brazilian to Foreign,2015,BR,W2199859772,2021,US,W4376474417
A5084283545,Hegler Tissot,Brazilian to Foreign,2021,"BR, US",W3184252210,2022,US,W4285220824
A5062523163,Mikhail R. Gadelha,Foreign to Brazilian,2018,GB,W2888321432,2019,BR,W2977705368
A5062523163,Mikhail R. Gadelha,Brazilian to Foreign,2020,BR,W3026540946,2021,ES,W3189928571
A5039909723,Nicolo Zingales,Brazilian to Foreign,2018,BR,W3124919896,2019,GB,W2988614966
A5039909723,Nicolo Zingales,Foreign to Brazilian,2019,GB,W2988614966,2020,BR,W4252529353
A5019155460,Maurı́cio C. de Oliveira,Foreign to Brazilian,2015,US,W2244995827,2021,BR,W3146170704
A5065694295,Sara de Paula Lima,Brazilian to Foreign,2022,BR,W4399038094,2022,ES,W4280610099
A5100655076,Marcos Silva,Brazilian to Foreign,2020,BR,W4285620386,2022,KR,W4214495255
A5010540329,Eduardo Medeiros,Foreign to Brazilian,2021,SE,W4200454135,2022,"BR, SE",W4214495255
A5025462214,Miguel Berg,Foreign to Brazilian,2021,SE,W3124762549,2022,"BR, SE",W4214495255
A5012600407,João Pereira,Foreign to Brazilian,2017,PT,W2763844585,2020,BR,W3134346256
A5012600407,João Pereira,Brazilian to Foreign,2020,BR,W3134346256,2022,PT,W4224228033
A5074147819,Rodolfo M. Pereira,Brazilian to Foreign,2020,BR,W3094850085,2021,PR,W3199526064
A5074147819,Rodolfo M. Pereira,Foreign to Brazilian,2021,PR,W3199526064,2021,BR,W3178813823
A5069867421,Rubens Marques de Lucena,Brazilian to Foreign,2019,BR,W2994629587,2022,SV,W4315851297
A5055102966,Rodrigo Silva,Foreign to Brazilian,2016,CA,W2409271889,2020,BR,W3083251540
A5047180960,Carlos Olarte,Brazilian to Foreign,2021,"BR, FR",W3213158637,2022,FR,W4309783737
A5009045679,Elaine Pimentel,Brazilian to Foreign,2021,BR,W3119508391,2022,GB,W4309783737
A5087876451,Diego Rossi Mafioletti,Brazilian to Foreign,2015,BR,W1930417760,2016,US,W2471154662
A5087876451,Diego Rossi Mafioletti,Foreign to Brazilian,2016,US,W2471154662,2016,BR,W2464000876
A5063853812,Guilherme Luz Tortorella,Brazilian to Foreign,2015,BR,W1886290603,2021,AU,W3196939567
A5063853812,Guilherme Luz Tortorella,Foreign to Brazilian,2021,AU,W3196939567,2021,"AU, BR",W3154586928
A5047089179,Maria da Graça Oliveira Crossetti,Foreign to Brazilian,2017,US,W2754362335,2022,BR,W4289538491
A5080751827,Rômulo Silva de Oliveira,Brazilian to Foreign,2015,BR,W2204948127,2015,PT,W1994680348
A5080751827,Rômulo Silva de Oliveira,Foreign to Brazilian,2015,PT,W1994680348,2015,BR,W1773704993
A5056538809,Frank Sill Torres,Brazilian to Foreign,2018,BR,W2800088273,2018,DE,W2896336169
A5056538809,Frank Sill Torres,Foreign to Brazilian,2018,DE,W2896336169,2018,"BR, DE",W2798373485
A5056538809,Frank Sill Torres,Brazilian to Foreign,2018,"BR, DE",W2798373485,2019,DE,W2977250330
A5056538809,Frank Sill Torres,Foreign to Brazilian,2020,DE,W3161137203,2020,BR,W3114646281
A5056538809,Frank Sill Torres,Brazilian to Foreign,2021,"BR, DE",W3182451389,2022,DE,W4214895020
A5019186189,Marcello Mundim Rodrigues,Foreign to Brazilian,2017,DE,W2770118694,2018,BR,W4388027925
A5060087704,Marco Mellia,Brazilian to Foreign,2016,"BR, IT",W2329992726,2017,IT,W2784063390
A5018754779,Suellen Patrícia Sales da Costa Loureiro,Foreign to Brazilian,2020,US,W3099786268,2022,BR,W4220724157
A5080649549,Diego Galeano,Brazilian to Foreign,2021,"BR, PY",W3212288810,2021,PY,W4200593531
A5080649549,Diego Galeano,Foreign to Brazilian,2021,PY,W4200593531,2022,"BR, PY",W4285172004
A5080649549,Diego Galeano,Brazilian to Foreign,2022,"BR, PY",W4285172004,2022,PY,W4312127771
A5030607460,Alberto Paccanaro,Brazilian to Foreign,2020,"BR, GB",W3085898256,2021,GB,W3166599888
A5030607460,Alberto Paccanaro,Foreign to Brazilian,2021,GB,W3166599888,2021,"BR, GB",W3212288810
A5040499920,Miguel Neves,Brazilian to Foreign,2021,"BR, CA",W3141077842,2021,CA,W4200359031
A5010109916,Conrado Boeira,Brazilian to Foreign,2020,BR,W3028563020,2021,CA,W4200359031
A5024989940,João Moreira,Foreign to Brazilian,2017,NL,W2594104076,2019,"BR, NL",W2997771289
A5024989940,João Moreira,Brazilian to Foreign,2020,BR,W4285620326,2020,NL,W3136874593
A5024989940,João Moreira,Foreign to Brazilian,2021,NL,W3198768555,2022,BR,W4285119505
A5004611294,Erick Giovani Sperandio Nascimento,Brazilian to Foreign,2022,BR,W4225412203,2022,GB,W4307803431
A5072023060,Thiago H. Silva,Brazilian to Foreign,2020,"BR, CA",W3116333866,2020,CA,W2948595979
A5072023060,Thiago H. Silva,Foreign to Brazilian,2020,CA,W4288080293,2021,BR,W3173150700
A5025187595,Hanna Sandy de Oliveira,Foreign to Brazilian,2017,ES,W2624265379,2022,BR,W4307276350
A5112346424,Marcelo Queiroz,Foreign to Brazilian,2015,CH,W2397774658,2015,"BR, FR",W2294004902
A5083760465,Alan Braz,Foreign to Brazilian,2015,US,W1661907794,2020,BR,W3090839041
A5086625475,Sandra Miranda,Brazilian to Foreign,2020,BR,W3215707203,2022,PT,W4225130147
A5015355360,Henrique Cândido de Oliveira,Brazilian to Foreign,2022,BR,W4223411143,2022,US,W4312443057
A5087168366,Leandro Batista de Almeida,Brazilian to Foreign,2016,BR,W2398324320,2018,IE,W4232188327
A5087168366,Leandro Batista de Almeida,Foreign to Brazilian,2018,IE,W4232188327,2018,"BR, IE",W2910094211
A5087168366,Leandro Batista de Almeida,Brazilian to Foreign,2018,"BR, IE",W2910094211,2018,IE,W2797577490
A5087168366,Leandro Batista de Almeida,Foreign to Brazilian,2018,IE,W2797577490,2019,BR,W3020416077
A5009765439,Roozbeh Haghnazar Koochaksaraei,Brazilian to Foreign,2018,BR,W2896694291,2021,US,W3157217587
A5027604172,Douglas Antonio Firmino Pelacini,Foreign to Brazilian,2021,UY,W4213257476,2022,BR,W4206123948
A5007953954,Carlos Eduardo da Silva,Brazilian to Foreign,2018,BR,W2898315309,2020,GB,W3093354578
A5010286007,Jordão Bragantini,Brazilian to Foreign,2020,BR,W3093998030,2022,US,W4319155744
A5010286007,Jordão Bragantini,Foreign to Brazilian,2022,US,W4319155744,2022,"BR, FR",W3118508434
A5010286007,Jordão Bragantini,Brazilian to Foreign,2022,"BR, FR",W3118508434,2022,US,W4312595510
A5005378965,Stefano Tubaro,Foreign to Brazilian,2015,IT,W2294001023,2016,BR,W2575485938
A5005378965,Stefano Tubaro,Brazilian to Foreign,2016,BR,W2575485938,2017,IT,W2606661584
A5091513740,Walter J. Scheirer,Foreign to Brazilian,2017,US,W2621156800,2017,"BR, US",W2963219740
A5091513740,Walter J. Scheirer,Brazilian to Foreign,2017,"BR, US",W2963219740,2018,US,W2810168620
A5019487985,Péricles de Lima Sobreira,Brazilian to Foreign,2018,BR,W2901974605,2020,CA,W3045711123
A5058840149,Virgı́lio Almeida,Brazilian to Foreign,2016,"BR, CN, NL, US",W2483058737,2017,US,W2740032272
A5058840149,Virgı́lio Almeida,Foreign to Brazilian,2017,US,W2740032272,2018,BR,W2963505958
A5021817826,Sabrina de A. Silveira,Brazilian to Foreign,2020,"BR, GB",W3012143266,2020,GB,W3015490972
A5021817826,Sabrina de A. Silveira,Foreign to Brazilian,2020,GB,W3015490972,2020,BR,W3116801402
A5091903225,David B. Ascher,Foreign to Brazilian,2015,GB,W2009867031,2016,"AU, BR, GB",W2346940354
A5091903225,David B. Ascher,Brazilian to Foreign,2016,"AU, BR, GB",W2346940354,2018,"AU, GB",W2794913173
A5071950872,Douglas E. V. Pires,Brazilian to Foreign,2016,BR,W2346940354,2020,AU,W3024763884
A5075073386,Ygor Rebouças Serpa,Foreign to Brazilian,2018,AR,W2805966248,2018,BR,W2901297451
A5061651690,Wanderson de Sousa Mendes,Brazilian to Foreign,2021,BR,W3162737641,2022,DE,W4226087611
A5074129031,Pedro Heleno Isolani,Brazilian to Foreign,2015,"BR, US",W2054181184,2018,BE,W2900477301
A5011143609,Jair Ferreira,Brazilian to Foreign,2022,BR,W4313902653,2022,AU,W4220709965
A5058398803,João Marcelo Ceron,Brazilian to Foreign,2018,BR,W4248424157,2019,NL,W2914421493
A5058398803,João Marcelo Ceron,Foreign to Brazilian,2020,NL,W3100524729,2022,BR,W4310731678
A5048602244,J. A. Méndez‐Bermúdez,Brazilian to Foreign,2020,"BR, MX",W3039581378,2022,MX,W4225582824
A5001483478,Luana Janaína de Campos,Brazilian to Foreign,2016,BR,W2461121623,2022,US,W4309446790
A5026347831,Vinícius Carvalho Lopes,Brazilian to Foreign,2020,BR,W3093845996,2022,US,W4310296714
A5023392251,Adriano de Oliveira Andrade,Brazilian to Foreign,2016,BR,W2560793535,2016,DE,W2559832299
A5023392251,Adriano de Oliveira Andrade,Foreign to Brazilian,2016,DE,W2559832299,2016,BR,W2560060509
A5000110032,Luis Alfaro,Brazilian to Foreign,2018,"BR, PE",W2906938633,2019,PE,W2999034370
A5000110032,Luis Alfaro,Foreign to Brazilian,2019,PE,W2999034370,2019,"BR, PE",W2985684203
A5000110032,Luis Alfaro,Brazilian to Foreign,2019,"BR, PE",W2985684203,2022,PE,W4312283664
A5057018101,Victor G. Turrisi da Costa,Brazilian to Foreign,2020,BR,W3014215192,2020,IT,W3014831887
A5057018101,Victor G. Turrisi da Costa,Foreign to Brazilian,2020,IT,W3014831887,2020,BR,W3014886572
A5057018101,Victor G. Turrisi da Costa,Brazilian to Foreign,2020,BR,W3014886572,2022,IT,W4312440651
A5001663435,Paulo E. Santos,Brazilian to Foreign,2021,"AU, BR",W3196939118,2022,AU,W4286790011
A5023680177,Cristina Cerdeiral,Brazilian to Foreign,2021,BR,W4200329340,2022,CA,W4283735696
A5059257068,Sylvain Gravier,Foreign to Brazilian,2022,FR,W4280546337,2022,"BR, FR",W4206734637
A5069342109,Sérgio D. Correia,Brazilian to Foreign,2019,BR,W3012417536,2021,PT,W3180388714
A5063567662,Diego Fernando Urbina Salazar,Foreign to Brazilian,2020,FR,W3035685475,2021,BR,W3162737641
A5088644755,Gabriel Pereira,Brazilian to Foreign,2021,BR,W4200202535,2022,DK,W4210598481
A5062293699,Paulo Alencar,Foreign to Brazilian,2019,CA,W2968848019,2019,"BR, CA",W2966921452
A5062293699,Paulo Alencar,Brazilian to Foreign,2019,"BR, CA",W2966921452,2019,CA,W3008814640
A5062293699,Paulo Alencar,Foreign to Brazilian,2019,CA,W3008814640,2019,"BR, CA",W2967988843
A5062293699,Paulo Alencar,Brazilian to Foreign,2019,"BR, CA",W2967988843,2020,CA,W2928358897
A5053407644,Carlos Valderrama,Foreign to Brazilian,2019,BE,W2965574698,2020,"AR, BE, BR, FR, IN",W3203181999
A5053407644,Carlos Valderrama,Brazilian to Foreign,2020,"AR, BE, BR, FR, IN",W3203181999,2020,BE,W3104059439
A5001741874,André Gonçalves,Brazilian to Foreign,2018,BR,W2784942369,2019,US,W2965262428
A5080758880,Josiane Kroll,Brazilian to Foreign,2017,BR,W2750031077,2018,CA,W2809102951
A5020509870,Ali Karaali,Brazilian to Foreign,2016,"BR, SK, US",W2566605673,2022,IE,W4308235917
A5069566549,Keiller Nogueira,Brazilian to Foreign,2020,BR,W3049376266,2020,GB,W3093965839
A5069566549,Keiller Nogueira,Foreign to Brazilian,2020,GB,W3093965839,2020,"BR, GB",W4206754327
A5069566549,Keiller Nogueira,Brazilian to Foreign,2020,"BR, GB",W4206754327,2021,GB,W3203034963
A5069566549,Keiller Nogueira,Foreign to Brazilian,2021,GB,W3203034963,2021,BR,W3180223331
A5069566549,Keiller Nogueira,Brazilian to Foreign,2021,BR,W3180223331,2022,GB,W4312863176
A5071560709,Quentin Groom,Foreign to Brazilian,2018,BE,W2901933030,2022,"BE, BR, NL",W4294927557
A5058394424,Jonata Wieczynski,Brazilian to Foreign,2021,BR,W3158066657,2022,ES,W4295768357
A5004412146,Mateus Maia,Brazilian to Foreign,2020,BR,W3092786229,2021,IE,W4226156944
A5004412146,Mateus Maia,Foreign to Brazilian,2021,IE,W4226156944,2021,BR,W3170278053
A5004412146,Mateus Maia,Brazilian to Foreign,2021,BR,W3170278053,2021,IE,W3210419923
A5072855498,Yuri Nascimento Fróes,Brazilian to Foreign,2022,BR,W4293220824,2022,PT,W4223603672
A5057570319,Christopher Shulby,Brazilian to Foreign,2019,BR,W2966777502,2021,US,W3196584150
A5004126395,I. S. Buick,Foreign to Brazilian,2020,ZA,W3046311554,2022,BR,W4311135310
A5060850775,Deniz Eroglu,Foreign to Brazilian,2016,DE,W2304740139,2017,"BR, GB",W2741343878
A5060850775,Deniz Eroglu,Brazilian to Foreign,2017,"BR, GB",W2741343878,2020,TR,W2965112295
A5069706394,Felipe Soares,Brazilian to Foreign,2020,BR,W3012416725,2020,GB,W3038520699
A5069706394,Felipe Soares,Foreign to Brazilian,2020,GB,W3038520699,2022,BR,W4313489014
A5077600498,Rafael Alberto González González,Brazilian to Foreign,2021,BR,W3163270665,2022,VE,W4313364106
A5059077090,Salil S. Kanhere,Foreign to Brazilian,2020,AU,W3011209057,2020,BR,W3072706205
A5059077090,Salil S. Kanhere,Brazilian to Foreign,2020,BR,W3072706205,2022,AU,W4220869180
A5019941387,Fernando Perin Munerato,Brazilian to Foreign,2022,BR,W4206107273,2022,ES,W4224311052
A5040084025,Mauro A. A. da Cruz,Brazilian to Foreign,2018,BR,W2889088802,2018,AO,W2917459529
A5040084025,Mauro A. A. da Cruz,Foreign to Brazilian,2018,AO,W2917459529,2018,BR,W2784792583
A5035151979,Marcos García,Brazilian to Foreign,2021,"BR, ES, GB",W3155825510,2021,ES,W3173508720
A5053823442,Aline Villavicencio,Brazilian to Foreign,2021,"BR, GB",W3173508720,2022,GB,W4287854311
A5053823442,Aline Villavicencio,Foreign to Brazilian,2022,GB,W4287854311,2022,"BR, GB",W4282982859
A5057250270,Ivan G. Costa,Foreign to Brazilian,2016,DE,W2555464586,2016,BR,W2256119113
A5057250270,Ivan G. Costa,Brazilian to Foreign,2016,BR,W2256119113,2017,DE,W2777539043
A5103468393,Ricardo J. G. B. Campello,Brazilian to Foreign,2020,"AU, BR",W2946474052,2022,AU,W3083050659
A5056546246,João Manuel R. S. Tavares,Brazilian to Foreign,2015,BR,W2220613480,2016,PT,W2493301618
A5056546246,João Manuel R. S. Tavares,Foreign to Brazilian,2018,PT,W2805677640,2018,BR,W2795374022
A5056546246,João Manuel R. S. Tavares,Brazilian to Foreign,2018,BR,W2795374022,2020,PT,W3041527418
A5041102678,André Luiz Lourenço,Brazilian to Foreign,2018,BR,W2887287956,2022,US,W4290851800
A5034967388,Xiaojun Chang,Brazilian to Foreign,2021,BR,W3138547989,2021,AU,W3167876643
A5052025135,Wallace A. Martins,Brazilian to Foreign,2019,"BR, LU",W2998168543,2019,LU,W2994709853
A5052025135,Wallace A. Martins,Foreign to Brazilian,2019,LU,W2994709853,2020,"BR, LU",W3103702383
A5027950474,Javier Noa Turnes,Brazilian to Foreign,2020,BR,W3096643492,2022,CA,W4226440431
A5025054732,Jorão Gomes,Brazilian to Foreign,2022,"AT, BR",W4281922639,2022,AT,W4292471202
A5034139388,Roberto Souza,Brazilian to Foreign,2017,BR,W2602865573,2019,CA,W2992438939
A5048083406,Michelle Kitayama da Silva,Brazilian to Foreign,2019,BR,W2976400346,2022,GB,W4214621769
A5060415219,Leonardo P. Tizzei,Brazilian to Foreign,2015,BR,W2077935129,2015,US,W1948206496
A5060415219,Leonardo P. Tizzei,Foreign to Brazilian,2015,US,W1948206496,2015,BR,W4237139599
A5053909260,Paulo Rotella,Brazilian to Foreign,2020,BR,W3006182087,2022,CZ,W4295766072
A5091619082,Regio A. Michelin,Brazilian to Foreign,2018,BR,W2964132125,2019,AU,W3005033573
A5100444517,Bruno Silva,Brazilian to Foreign,2018,BR,W2901688944,2022,US,W4311640518
A5022519243,Steven J. Simske,Foreign to Brazilian,2015,US,W1998820927,2015,BR,W2294638050
A5022519243,Steven J. Simske,Brazilian to Foreign,2015,BR,W2294638050,2015,US,W1994685961
A5004781743,Renato Martins,Foreign to Brazilian,2018,FR,W2897204591,2020,BR,W3024424247
A5004781743,Renato Martins,Brazilian to Foreign,2020,BR,W3024424247,2022,FR,W4221085568
A5071073532,Rafael M. D’Addio,Brazilian to Foreign,2019,BR,W2979514365,2022,LU,W4221003632
A5027210285,Gabriel C. Ullmann,Brazilian to Foreign,2021,BR,W3128783061,2022,CA,W4312463293
A5062336564,Breno Augusto de Melo Menezes,Brazilian to Foreign,2015,BR,W2303334787,2021,DE,W3088480499
A5021640123,Hércules Antônio do Prado,Brazilian to Foreign,2018,BR,W2782408349,2018,"CN, SD",W116758291
A5021640123,Hércules Antônio do Prado,Foreign to Brazilian,2018,"CN, SD",W116758291,2018,BR,W2889338421
A5113655838,Fernando Mourão,Brazilian to Foreign,2018,BR,W2797779452,2019,US,W2967693108
A5113655838,Fernando Mourão,Foreign to Brazilian,2019,US,W2967693108,2021,BR,W3158466176
A5102371518,Gustavo E. A. P. A. Batista,Brazilian to Foreign,2018,BR,W2775598271,2018,ES,W2942104254
A5102371518,Gustavo E. A. P. A. Batista,Foreign to Brazilian,2018,ES,W2942104254,2018,BR,W2909311313
A5102371518,Gustavo E. A. P. A. Batista,Brazilian to Foreign,2018,BR,W2897178516,2019,AU,W3005641288
A5102371518,Gustavo E. A. P. A. Batista,Foreign to Brazilian,2019,AU,W3005641288,2020,BR,W3104788453
A5102371518,Gustavo E. A. P. A. Batista,Brazilian to Foreign,2020,BR,W3104788453,2020,AU,W3153755469
A5001218567,Marcelo Lucena de Souza,Brazilian to Foreign,2016,BR,W2362183253,2022,DE,W4283368834
A5030785658,Rui Abreu,Foreign to Brazilian,2019,PT,W2964731242,2021,"BR, CA, LU, PT, US",W4252327773
A5030785658,Rui Abreu,Brazilian to Foreign,2021,"BR, CA, LU, PT, US",W4252327773,2021,PT,W3197661957
A5100728235,Raphael J. Eberle,Brazilian to Foreign,2021,"BR, DE",W3098834224,2022,DE,W4206943411
A5003718950,Héctor Zenil,Brazilian to Foreign,2020,"BR, SA, SE",W3047013681,2022,"FR, GB, SE",W4281297136
A5009298184,Stephen C. Strother,Brazilian to Foreign,2021,"BR, CA, DE, KR, US",W4254583338,2022,CA,W4283712432
A5025395626,Bruno Mesz,Foreign to Brazilian,2022,AR,W4212765909,2022,"AR, BR, MX, US",W4283706270
A5090805430,Jonas B. Araujo,Brazilian to Foreign,2021,BR,W3135102313,2022,FR,W3216552915
A5070146471,Antônio Padilha Lanari Bó,Brazilian to Foreign,2022,BR,W4205142910,2022,AU,W4283719869
A5040272202,Shurui Zhou,Brazilian to Foreign,2020,BR,W3089330114,2021,CA,W3208623264
A5091017010,Pedro B. Velloso,Brazilian to Foreign,2019,BR,W3003266581,2022,FR,W4229450380
A5084646359,Everton S. Medeiros,Brazilian to Foreign,2019,"BR, DE",W2942145456,2021,DE,W3138485499
A5021728636,Alexander de Quadros,Brazilian to Foreign,2020,BR,W3047203507,2022,US,W4283810433
A5018993514,Marcelo Ruaro,Brazilian to Foreign,2020,BR,W3085136858,2021,FR,W3200262284
A5018993514,Marcelo Ruaro,Foreign to Brazilian,2021,FR,W4206785736,2022,BR,W4311217829
A5083194199,Jário Santos,Foreign to Brazilian,2022,US,W4311008676,2022,BR,W4311008638
A5056220397,Rodrigo F. Calhau,Brazilian to Foreign,2015,BR,W1556112237,2015,US,W2914802678
A5056220397,Rodrigo F. Calhau,Foreign to Brazilian,2015,US,W2914802678,2015,BR,W2998287423
A5056856822,Nicksson Ckayo Arrais de Freitas,Brazilian to Foreign,2016,BR,W2342970795,2022,GB,W4296986542
A5069650618,Danillo Roberto Pereira,Brazilian to Foreign,2015,BR,W2609355320,2015,CA,W2017118179
A5069650618,Danillo Roberto Pereira,Foreign to Brazilian,2015,CA,W2017118179,2015,BR,W931980164
A5003213770,Rafael Guimarães,Brazilian to Foreign,2015,BR,W3198626175,2022,US,W4312548469
A5047196509,María Jesús,Foreign to Brazilian,2021,US,W3174291538,2022,BR,W4214589534
A5048530771,Damião J. Araújo,Foreign to Brazilian,2016,US,W2949775951,2021,BR,W3132687178
A5014388361,Rafayel Teymurazyan,Brazilian to Foreign,2020,BR,W3026934604,2022,PT,W4210440692
A5034556690,Marcelo Brandalero,Brazilian to Foreign,2019,BR,W3013462015,2019,DE,W3005573576
A5034556690,Marcelo Brandalero,Foreign to Brazilian,2019,DE,W3005573576,2019,BR,W2964015803
A5034556690,Marcelo Brandalero,Brazilian to Foreign,2019,BR,W2964015803,2019,DE,W3002568877
A5034556690,Marcelo Brandalero,Foreign to Brazilian,2020,DE,W3014802668,2020,BR,W3090163818
A5034556690,Marcelo Brandalero,Brazilian to Foreign,2020,BR,W3090163818,2020,DE,W3047797728
A5102448451,Cindy Vílchez Ramírez,Brazilian to Foreign,2021,BR,W3214806698,2022,MX,W4205414385
A5109366269,Mónica Patricia,Brazilian to Foreign,2021,BR,W3214806698,2022,MX,W4205414385
A5060272055,Evelyn Huarcaya,Brazilian to Foreign,2021,BR,W3214806698,2022,MX,W4205414385
A5101466124,Rafael Santos Mendes,Brazilian to Foreign,2017,BR,W2589193082,2017,"BE, CO, VE",W2626624673
A5101466124,Rafael Santos Mendes,Foreign to Brazilian,2017,"BE, CO, VE",W2626624673,2018,BR,W2904935287
A5043068185,Ana Paula Ribeiro de Castro,Foreign to Brazilian,2019,PE,W4246655006,2022,BR,W4220942469
A5024529802,Bruno Merlin,Foreign to Brazilian,2020,"CH, FR",W3046519054,2022,BR,W4284879480
A5078616573,Jaziel Souza Lôbo,Foreign to Brazilian,2019,US,W2980877655,2022,BR,W4283689748
A5010050881,Silvia Lins,Foreign to Brazilian,2019,SE,W2997313326,2020,BR,W3111656105
A5010050881,Silvia Lins,Brazilian to Foreign,2020,BR,W3129655511,2021,SE,W3209468854
A5010050881,Silvia Lins,Foreign to Brazilian,2021,SE,W3179460665,2022,BR,W4229367708
A5070412518,Jorge G. Barbosa,Brazilian to Foreign,2016,BR,W3008143065,2022,PT,W4284891757
A5091130725,Tommaso Flaminio,Foreign to Brazilian,2020,ES,W3081703353,2021,"BR, ES",W3209875724
A5091130725,Tommaso Flaminio,Brazilian to Foreign,2021,"BR, ES",W3209875724,2021,ES,W3161614307
A5072157092,Manuel Francisco Neto,Foreign to Brazilian,2020,AO,W4387845360,2022,BR,W4223597242
A5045225604,Francisco S. Marcondes,Brazilian to Foreign,2018,BR,W2789634455,2022,PT,W4220958368
A5011826531,José Machado,Brazilian to Foreign,2020,BR,W3032885552,2022,PT,W4220958368
A5087332400,Apuena Vieira Gomes,Brazilian to Foreign,2019,BR,W2991628487,2019,AR,W2997036928
A5087332400,Apuena Vieira Gomes,Foreign to Brazilian,2019,AR,W2997036928,2022,BR,W4311008812
A5048528936,Donald Cowan,Foreign to Brazilian,2019,CA,W2970320349,2019,"BR, CA",W2967988843
A5048528936,Donald Cowan,Brazilian to Foreign,2019,"BR, CA",W2967988843,2020,CA,W2928358897
A5053606614,Úrsula Blattmann,Foreign to Brazilian,2015,NL,W2915969512,2016,BR,W2614862698
A5065040898,Rafael Hengen Ribeiro,Brazilian to Foreign,2021,"BR, US",W3178281667,2022,CH,W4283067396
A5030882573,André Luís Dias,Brazilian to Foreign,2021,BR,W3130855572,2021,IT,W3200264178
A5030882573,André Luís Dias,Foreign to Brazilian,2021,IT,W3200264178,2022,BR,W4282924088
A5102979275,Nelson Mimura Gonzalez,Brazilian to Foreign,2017,BR,W2636249423,2018,US,W2794574746
A5003843640,Alexandre Correa,Brazilian to Foreign,2015,BR,W1983117556,2022,AT,W4285155281
A5010517387,Artur Ziviani,Brazilian to Foreign,2021,BR,W3118836812,2021,NL,W3193366425
A5010517387,Artur Ziviani,Foreign to Brazilian,2021,NL,W3193366425,2021,BR,W3203070007
A5044970465,Thiago de Almeida Correia,Foreign to Brazilian,2015,CA,W2239024561,2022,BR,W4352982015
A5063951500,Gerson Budke,Brazilian to Foreign,2018,BR,W2798418586,2022,AR,W4210294909
A5050474827,Patrícia Alencar Silva Mello,Foreign to Brazilian,2016,MX,W4301821560,2019,BR,W2974769630
A5029596235,Matheus Aparecido do Carmo Alves,Brazilian to Foreign,2020,BR,W3037350559,2022,IN,W4291274384
A5053021057,Leonardo A. Dias,Brazilian to Foreign,2020,BR,W3046719461,2021,GB,W3175954046
A5051956236,Antonio Cavalcante Araujo Neto,Brazilian to Foreign,2015,BR,W2472977075,2022,CA,W4289533744
A5014723418,Ricardo J. G. B. Campello,Brazilian to Foreign,2017,"AU, BR",W2586376538,2018,AU,W2879929106
A5009449502,Fabiola Roxana Villanueva,Brazilian to Foreign,2015,BR,W2287377002,2022,BO,W4288047529
A5011838073,Marcia Regina Alves,Foreign to Brazilian,2018,CH,W2939941967,2021,BR,W3208948801
A5065811414,Victor Praxedes,Foreign to Brazilian,2021,MX,W4287268974,2021,BR,W3178271333
A5006446082,Felipe Pires,Brazilian to Foreign,2015,BR,W2174003515,2021,BE,W4285714728
A5041741723,Giulia Crippa,Brazilian to Foreign,2018,BR,W2895120137,2021,IT,W4286847189
A5045710661,Felipe Ebert,Brazilian to Foreign,2020,BR,W3014055696,2021,NL,W3202169173
A5010619377,Rafael Ravedutti Lucio Machado,Brazilian to Foreign,2019,BR,W2971602575,2021,DE,W3201385435
A5007542827,Marco Antônio Florenzano Mollinetti,Foreign to Brazilian,2018,JP,W2938789813,2020,"BR, JP",W3047050342
A5028980305,Ana Clara da Silva Beltrão,Foreign to Brazilian,2021,CO,W3202049065,2021,BR,W3204677190
A5057930485,Carlos Arthur Marinho da Silva Beltrão,Foreign to Brazilian,2021,CO,W3202049065,2021,BR,W3204677190
A5085741181,Mayra Cristina Cavalcante Campos,Foreign to Brazilian,2021,CO,W3202049065,2021,BR,W3204677190
A5064152524,Samuel Bueno Soltau,Brazilian to Foreign,2018,BR,W2901713368,2021,"MX, UY",W3201833242
A5064152524,Samuel Bueno Soltau,Foreign to Brazilian,2021,"MX, UY",W3201833242,2021,BR,W3093137311
A5022490568,Juliana Lazzarotto Freitas,Brazilian to Foreign,2019,BR,W2972875526,2021,AR,W3212683081
A5004993182,Sílvia Cintra Borges Morais,Brazilian to Foreign,2020,BR,W3042876518,2021,PT,W3212325137
A5091497083,Anny Giselly Milhome da Costa Farre,Brazilian to Foreign,2016,BR,W2582447733,2021,PT,W4207064072
A5054799215,Michael Antonio Tomalá De La Cruz,Foreign to Brazilian,2020,EC,W3096083524,2021,BR,W4235916088
A5073142752,Matti Hiltunen,Foreign to Brazilian,2021,US,W4206329665,2021,BR,W3178583566
A5036751374,Jakeline Amparo Villota Enríquez,Foreign to Brazilian,2021,CO,W4206534121,2021,BR,W4213436796
A5071594531,Eduardo H. M. Cruz,Brazilian to Foreign,2015,BR,W2078781838,2015,US,W2056303926
A5071594531,Eduardo H. M. Cruz,Foreign to Brazilian,2015,US,W2056303926,2016,BR,W2583393812
A5000462725,Virginia Lagunes Barradas,Foreign to Brazilian,2021,MX,W4225346653,2021,"BR, MX",W3169348775
A5090908794,Marcos Luiz Mucheroni,Brazilian to Foreign,2017,BR,W2735662974,2018,PT,W2898355987
A5090908794,Marcos Luiz Mucheroni,Foreign to Brazilian,2018,PT,W2898355987,2018,BR,W2946200890
A5053134485,Corina S. Păsăreanu,Foreign to Brazilian,2015,US,W2025704776,2021,"BR, CA, LU, PT, US",W4252327773
A5050131091,TEREZA CRISTINA BLASI,Brazilian to Foreign,2021,BR,W4251536747,2021,US,W4232245103
A5067007851,Cynthia Romariz Duarte,Brazilian to Foreign,2020,BR,W3080573240,2021,NL,W4297691559
A5090633243,Fernando Batista,Brazilian to Foreign,2016,"BR, PT",W2562384381,2021,PT,W3193889807
A5002794889,Paola Geovanna Patzi Aquino,Brazilian to Foreign,2021,BR,W3171934510,2021,BO,W3174320299
A5072346893,João Carlos Giacomin,Foreign to Brazilian,2015,US,W1655857520,2015,BR,W1976763300
A5043442915,Raquel de Souza Soares,Foreign to Brazilian,2020,CL,W3087664928,2021,BR,W3174846983
A5101963901,Matheus T. Moreira,Brazilian to Foreign,2018,BR,W2801441591,2021,US,W3175876328
A5112651131,Pedro Paulo Liborio,Foreign to Brazilian,2019,PT,W2994946006,2021,"BR, MO",W3159108466
A5031417415,Benjamin K. Ng,Foreign to Brazilian,2019,MO,W2994946006,2021,BR,W3159108466
A5081457467,Giovani Guizzo,Brazilian to Foreign,2018,BR,W2795964022,2020,GB,W3039621495
A5006997363,Felipe Estrada‐Solano,Foreign to Brazilian,2019,CO,W2958769484,2019,"BR, CO",W2980812277
A5052195291,Alexandre Rademaker,Brazilian to Foreign,2017,BR,W2773818914,2018,US,W2805348161
A5052195291,Alexandre Rademaker,Foreign to Brazilian,2018,US,W2805348161,2018,BR,W2907815346
A5018906340,Álvaro Francisco Lopes de Sousa,Brazilian to Foreign,2020,BR,W3111372213,2021,PT,W3139024415
A5033022865,Jeanfranco D. Farfan-Escobedo,Foreign to Brazilian,2017,PE,W2766875027,2021,BR,W3134422208
A5000313725,Leandro A. J. Marzulo,Brazilian to Foreign,2018,BR,W2792333320,2018,US,W2907029259
A5000313725,Leandro A. J. Marzulo,Foreign to Brazilian,2018,US,W2907029259,2019,BR,W2946213459
A5000313725,Leandro A. J. Marzulo,Brazilian to Foreign,2019,BR,W4237021289,2019,US,W2910876866
A5000313725,Leandro A. J. Marzulo,Foreign to Brazilian,2019,US,W2910876866,2019,BR,W2943325566
A5000313725,Leandro A. J. Marzulo,Brazilian to Foreign,2019,BR,W3000251753,2020,US,W3045613502
A5000313725,Leandro A. J. Marzulo,Foreign to Brazilian,2020,US,W3045613502,2020,BR,W3032434649
A5000313725,Leandro A. J. Marzulo,Brazilian to Foreign,2021,"BR, US",W3125485807,2021,US,W3135195864
A5003977552,João Henrique Boniatti,Foreign to Brazilian,2021,US,W3130365415,2021,BR,W4200332458
A5027857607,Allan Früchting,Foreign to Brazilian,2021,US,W3130365415,2021,BR,W4200332458
A5029224430,Ram Horizonte Seixas Betancourt,Foreign to Brazilian,2021,US,W3130365415,2021,BR,W4200332458
A5083826414,Edney Bentes de Oliveira,Foreign to Brazilian,2021,GR,W3130311011,2021,BR,W3128692514
A5064293832,Thomas Lewiner,Foreign to Brazilian,2016,FR,W2560018085,2016,BR,W2288437196
A5064293832,Thomas Lewiner,Brazilian to Foreign,2016,BR,W2288437196,2018,FR,W1517978010
A5060984147,Arì Aiolfi,Foreign to Brazilian,2015,FR,W1412473400,2021,BR,W3114655196
A5016010810,José Paulo Carvalho dos Santos,Brazilian to Foreign,2020,BR,W3030728358,2021,UY,W4200406825
A5073690771,Laécio Carvalho de Barros,Brazilian to Foreign,2020,"BR, CL",W3008865445,2021,NL,W4200406825
A5000690173,Mauro Dalle Lucca Tosi,Brazilian to Foreign,2019,BR,W2981075322,2020,LU,W3111653259
A5079631241,Paulo Eduardo Silva Lins Cajazeira,Brazilian to Foreign,2020,BR,W3044469437,2020,PT,W3132838296
A5079631241,Paulo Eduardo Silva Lins Cajazeira,Foreign to Brazilian,2020,PT,W3132838296,2021,BR,W4200335926
A5023135000,Agustín Alejandro Ortiz Díaz,Foreign to Brazilian,2016,CU,W2478192814,2018,BR,W2937454886
A5069472493,Fábio Angelo de Medeiros,Brazilian to Foreign,2021,BR,W4200283726,2021,ID,W3168378451
A5012136616,Marcus Vinícius Braga Esteves,Brazilian to Foreign,2021,BR,W3194298596,2021,ID,W3168378451
A5101716176,Mariana Lopes Teixeira,Brazilian to Foreign,2021,BR,W4200283726,2021,ID,W3168378451
A5035791516,Larissa Lessa dos Santos,Brazilian to Foreign,2021,BR,W4200283726,2021,ID,W3168378451
A5059538751,Milene Santos Teixeira,Brazilian to Foreign,2019,BR,W2947550009,2021,IT,W3181113139
A5014748913,Dáfne dos Santos Ribeiro,Brazilian to Foreign,2018,BR,W2811274178,2021,"AU, UY",W3217709893
A5073847189,Helenice de Moura Scortegagna,Brazilian to Foreign,2019,BR,W3006002922,2021,"AU, UY",W3217709893
A5074075597,Allan Ribeiro de Castro,Foreign to Brazilian,2021,PT,W4200072686,2021,BR,W3213978765
A5046238609,Clarissa Porfírio Mendes,Foreign to Brazilian,2021,US,W3216308155,2021,BR,W4200300468
A5052851975,Jean‐François Méhaut,Foreign to Brazilian,2018,FR,W2917995124,2019,"BR, FR",W2910127110
A5052851975,Jean‐François Méhaut,Brazilian to Foreign,2019,"BR, FR",W2910127110,2019,FR,W2973001798
A5029154679,Lorena Nayara Alves Neves,Foreign to Brazilian,2020,UY,W3001974050,2021,BR,W3215447004
A5100721572,Marcelo Romero,Brazilian to Foreign,2020,BR,W3092628491,2021,FR,W3213854488
A5089747425,Luiz Drude de Lacerda,Brazilian to Foreign,2018,BR,W2810574758,2021,ES,W3213360897
A5000276578,Sérgio Ossamu Ioshii,Foreign to Brazilian,2016,PR,W2345996505,2018,BR,W2963555207
A5000276578,Sérgio Ossamu Ioshii,Brazilian to Foreign,2018,BR,W2963555207,2021,PR,W3199579159
A5068432430,Jalil Khatibi Moqadam,Brazilian to Foreign,2017,BR,W2528064017,2019,IR,W3102688151
A5068432430,Jalil Khatibi Moqadam,Foreign to Brazilian,2019,IR,W3102688151,2020,BR,W3010330328
A5005712153,Ricardo de Queirós Batista Ribeiro,Foreign to Brazilian,2021,PT,W3209395286,2021,BR,W4387322690
A5002587591,Carlos Natalino,Foreign to Brazilian,2020,SE,W3024879640,2021,BR,W3209405105
A5002587591,Carlos Natalino,Brazilian to Foreign,2021,BR,W3209405105,2021,SE,W3122530521
A5047323411,Ann B. Lee,Brazilian to Foreign,2017,"BR, US",W2962789183,2021,US,W3186833559
A5065191740,Adriano F. Ronszcka,Foreign to Brazilian,2015,CA,W2308716834,2015,BR,W2243126880
A5065191740,Adriano F. Ronszcka,Brazilian to Foreign,2015,BR,W2243126880,2017,CA,W2768618078
A5065191740,Adriano F. Ronszcka,Foreign to Brazilian,2017,CA,W2768618078,2017,BR,W2765301342
A5034598656,Ivan Varzinczak,Brazilian to Foreign,2015,BR,W2607268034,2021,FR,W3185332408
A5005684249,Paulo Augusto Ramalho de Souza,Foreign to Brazilian,2018,CH,W2939941967,2019,BR,W2966191249
A5062669368,Vinícius Petrucci,Brazilian to Foreign,2015,BR,W4235362933,2015,US,W2051785559
A5062669368,Vinícius Petrucci,Foreign to Brazilian,2015,US,W2051785559,2015,BR,W4233798301
A5062669368,Vinícius Petrucci,Brazilian to Foreign,2018,BR,W2804439326,2019,US,W3080709216
A5062669368,Vinícius Petrucci,Foreign to Brazilian,2019,US,W3080709216,2019,"BR, NO",W2993612696
A5062669368,Vinícius Petrucci,Brazilian to Foreign,2020,"BR, US",W3017148238,2020,US,W3111890290
A5062669368,Vinícius Petrucci,Foreign to Brazilian,2020,US,W3111890290,2021,"BR, US",W3192021130
A5062669368,Vinícius Petrucci,Brazilian to Foreign,2021,"BR, US",W3131967407,2021,US,W3207235688
A5062669368,Vinícius Petrucci,Foreign to Brazilian,2021,US,W3207235688,2021,"BR, US",W4200569095
A5000653036,Antônio Carlos Efing,Brazilian to Foreign,2020,BR,W4232656020,2021,PR,W3167286058
A5000653036,Antônio Carlos Efing,Foreign to Brazilian,2021,PR,W3167286058,2021,BR,W4225638504
A5028276593,Jaciane Santos Marques,Brazilian to Foreign,2021,"BR, EC",W3213970404,2021,PT,W3167292241
A5028276593,Jaciane Santos Marques,Foreign to Brazilian,2021,PT,W3167292241,2021,BR,W4205877763
A5058456882,Daniela Francescutti Martins Hott,Foreign to Brazilian,2017,PT,W2784191816,2018,BR,W2905401048
A5015373021,Elmira Luzia Melo Soares Simeão,Brazilian to Foreign,2016,BR,W2511228850,2016,ID,W2613937679
A5015373021,Elmira Luzia Melo Soares Simeão,Foreign to Brazilian,2016,ID,W2613937679,2016,BR,W2571329348
A5015373021,Elmira Luzia Melo Soares Simeão,Brazilian to Foreign,2017,BR,W2768997608,2017,ID,W3126197988
A5015373021,Elmira Luzia Melo Soares Simeão,Foreign to Brazilian,2017,ID,W3126197988,2017,BR,W3107254538
A5015373021,Elmira Luzia Melo Soares Simeão,Brazilian to Foreign,2018,BR,W2595631015,2018,ID,W2941509126
A5015373021,Elmira Luzia Melo Soares Simeão,Foreign to Brazilian,2018,ID,W2941509126,2019,BR,W3000108476
A5033529503,Nágila Silva Alves,Foreign to Brazilian,2021,AO,W3192305641,2021,BR,W3199665509
A5033529503,Nágila Silva Alves,Brazilian to Foreign,2021,BR,W3199665509,2021,AO,W3190968274
A5085303086,Glauber De Bona,Brazilian to Foreign,2016,BR,W2572850622,2017,GB,W2604595197
A5085303086,Glauber De Bona,Foreign to Brazilian,2017,GB,W2604595197,2017,BR,W2792164587
A5079948743,Aline Tavares Gomes,Brazilian to Foreign,2021,"BR, EC",W3213970404,2021,PT,W3167292241
A5087186391,Luís Augusto Silva,Brazilian to Foreign,2020,BR,W3042483700,2020,ES,W3042483700
A5087186391,Luís Augusto Silva,Foreign to Brazilian,2021,ES,W3156997550,2021,"BR, ES",W3155370576
A5087186391,Luís Augusto Silva,Brazilian to Foreign,2021,"BR, ES",W3155370576,2021,ES,W3179131044
A5053630715,Felipe Leno da Silva,Brazilian to Foreign,2018,BR,W2886885155,2018,US,W2904106049
A5053630715,Felipe Leno da Silva,Foreign to Brazilian,2018,US,W2904106049,2018,BR,W2813428123
A5084549363,Guilherme Medeiros Machado,Brazilian to Foreign,2019,"BR, US",W2989835371,2020,FR,W3092495543
A5084549363,Guilherme Medeiros Machado,Foreign to Brazilian,2021,FR,W3175980683,2021,BR,W3119898337
A5025621521,Yoshiharu Kohayakawa,Foreign to Brazilian,2016,US,W2963582026,2017,BR,W2743038146
A5073934191,Hébert Elías Lobo Sosa,Foreign to Brazilian,2019,US,W2943860303,2021,"BR, VE",W3174761072
A5016303637,Rodrigo José Pisani,Foreign to Brazilian,2015,CA,W2017118179,2016,BR,W2404437614
A5107884301,Renato Ribeiro,Foreign to Brazilian,2018,US,W2885162947,2021,"BR, US",W4231829875
A5088534719,Caroline Martins da Silva Moia,Foreign to Brazilian,2020,UA,W3002571014,2021,BR,W3165089646
A5071790116,Alano Pinto,Brazilian to Foreign,2019,BR,W2993629656,2020,MX,W3022546586
A5071790116,Alano Pinto,Foreign to Brazilian,2020,MX,W3022546586,2021,BR,W3164928247
A5091188925,Walkiria Shimoya-Bittencourt,Foreign to Brazilian,2018,CD,W2905767920,2021,BR,W3161294877
A5054791125,Raúl Prada Núñez,Foreign to Brazilian,2018,CO,W2893837638,2021,"BR, CO",W4212793758
A5078021208,Kate Revoredo,Brazilian to Foreign,2020,BR,W3001394099,2021,AT,W3162039448
A5075202398,Lucas N. Egidio,Brazilian to Foreign,2019,BR,W3092304592,2021,BE,W3138594194
A5026679437,Maurı́cio L. Pilla,Brazilian to Foreign,2020,BR,W3082021462,2021,US,W3135195864
A5026679437,Maurı́cio L. Pilla,Foreign to Brazilian,2021,US,W3135195864,2021,BR,W3189908530
A5034688618,Irineu Lopes de Alcântara Júnior,Brazilian to Foreign,2021,BR,W3129298483,2021,EC,W3170938335
A5048183639,Marcos Ulisses Cavalheiro,Brazilian to Foreign,2018,BR,W3132358852,2021,ES,W3172872671
A5062253782,Geysa Santos Góis Lopes,Brazilian to Foreign,2020,BR,W3005152218,2021,MX,W3166171773
A5034777599,Fernando Antônio Asevêdo Nóbrega,Brazilian to Foreign,2015,BR,W2280952378,2015,ES,W1165718293
A5034777599,Fernando Antônio Asevêdo Nóbrega,Foreign to Brazilian,2015,ES,W1165718293,2017,BR,W2783437392
A5034777599,Fernando Antônio Asevêdo Nóbrega,Brazilian to Foreign,2018,BR,W2890110435,2021,US,W3120363906
A5018914755,Diego V. Queiroz,Foreign to Brazilian,2017,ES,W2620925279,2017,"BR, ES",W2615737391
A5018914755,Diego V. Queiroz,Brazilian to Foreign,2017,"BR, ES",W2753641064,2017,ES,W2621186645
A5018914755,Diego V. Queiroz,Foreign to Brazilian,2018,ES,W3014047808,2018,BR,W2898450702
A5018914755,Diego V. Queiroz,Brazilian to Foreign,2019,"BR, ES",W2977961869,2021,ES,W3120460739
A5031764182,Edson Ramiro Lucas Filho,Brazilian to Foreign,2017,BR,W2614726934,2021,DE,W3127201473
A5040787574,Eduardo Santana Cordeiro,Foreign to Brazilian,2016,PT,W2547024479,2021,BR,W3165276354
A5033849333,Matheus Nerone,Brazilian to Foreign,2018,BR,W2908528000,2021,NL,W3174334717
A5112281104,Pedro Holanda,Brazilian to Foreign,2017,BR,W2605086178,2018,NL,W2908528000
A5050216439,Vahid Mohebbi,Brazilian to Foreign,2020,BR,W3005471546,2021,US,W4206517921
A5019867942,Eduardo Meneses,Brazilian to Foreign,2018,BR,W2982522676,2019,CA,W2982579834
A5056884284,Richard W. Pazzi,Foreign to Brazilian,2018,CA,W2901046138,2018,BR,W2898587744
A5056884284,Richard W. Pazzi,Brazilian to Foreign,2018,BR,W2898587744,2020,"CA, NG",W3117783844
A5053032671,Luís Ferreira Pires,Foreign to Brazilian,2017,NL,W2618029818,2017,"BR, NL",W2591466745
A5053032671,Luís Ferreira Pires,Brazilian to Foreign,2017,"BR, NL",W2591466745,2017,NL,W2594104076
A5053032671,Luís Ferreira Pires,Foreign to Brazilian,2019,NL,W2988093192,2019,"BR, NL",W2997771289
A5053032671,Luís Ferreira Pires,Brazilian to Foreign,2019,"BR, NL",W2997771289,2021,NL,W3172707813
A5083184943,Thays A. Oliveira,Foreign to Brazilian,2016,ES,W2522962692,2017,BR,W2606552610
A5074121130,Chiara Del Gaudio,Brazilian to Foreign,2018,BR,W2906089260,2021,CA,W3186064345
A5053730507,Taísa Guidini Gonçalves,Brazilian to Foreign,2019,BR,W2993972757,2019,AU,W2979564968
A5053730507,Taísa Guidini Gonçalves,Foreign to Brazilian,2019,AU,W2979564968,2020,BR,W3126629390
A5100444511,Bruno Silva,Brazilian to Foreign,2018,BR,W2790789486,2021,US,W3204609602
A5014946755,Helard Becerra Martinez,Brazilian to Foreign,2019,BR,W2971151126,2020,IE,W3028471427
A5008608844,Andrew Hines,Brazilian to Foreign,2019,BR,W2971151126,2020,IE,W3028471427
A5082432941,Omar Durán,Brazilian to Foreign,2019,BR,W2946946244,2021,FR,W3167120821
A5109882539,Darío Ernesto Correal Torres,Foreign to Brazilian,2020,CO,W3023044131,2021,BR,W3163423879
A5065037141,Rafael Salema Marques,Brazilian to Foreign,2015,BR,W1508377212,2021,GB,W3084372349
A5083090794,Thomas B. Schön,Foreign to Brazilian,2021,SE,W3201531101,2021,BR,W3163065207
A5028705463,Rafael Silva Pereira,Brazilian to Foreign,2020,BR,W3043204332,2021,NL,W3193366425
A5028705463,Rafael Silva Pereira,Foreign to Brazilian,2021,NL,W3193366425,2021,BR,W4200133023
A5083685643,Yania Molina Souto,Brazilian to Foreign,2020,BR,W3043204332,2021,NL,W3193366425
A5047521604,Thiago do Nascimento Ferreira,Brazilian to Foreign,2020,BR,W3109144103,2020,US,W3093745867
A5047521604,Thiago do Nascimento Ferreira,Foreign to Brazilian,2020,US,W3093745867,2021,BR,W3157925442
A5047521604,Thiago do Nascimento Ferreira,Brazilian to Foreign,2021,BR,W3157925442,2021,US,W3204445820
A5028556356,Léo Françoso Dal Piccol Sotto,Brazilian to Foreign,2020,BR,W3040456051,2021,DE,W3194342044
A5024504318,Daniela F. Milon-Flores,Foreign to Brazilian,2019,PE,W2994227385,2021,BR,W4200478206
A5031677524,Jefferson Seide Molléri,Brazilian to Foreign,2015,"BR, SE",W2027864297,2021,NO,W3203670695
A5064395265,Brian Davis,Foreign to Brazilian,2018,IE,W2807566824,2021,"BR, IE",W4389009429
A5032486030,Martha Dais Ferreira,Brazilian to Foreign,2019,BR,W2966777502,2020,CA,W3111340852
A5082150504,Gabriel Dias Cantareira,Brazilian to Foreign,2020,BR,W3010691050,2021,GB,W3210385438
A5025299661,Victor A. S. V. Bittencourt,Brazilian to Foreign,2018,BR,W2782261561,2019,DE,W3008944533
A5010581754,Massimo Blasone,Brazilian to Foreign,2016,BR,W2344766507,2018,IT,W3104631351
A5053780707,Samuel G. Fadel,Brazilian to Foreign,2015,BR,W2172505280,2017,BE,W2773407920
A5053780707,Samuel G. Fadel,Foreign to Brazilian,2017,BE,W2773407920,2017,BR,W2605426275
A5020681296,Maurício T. Tavares,Brazilian to Foreign,2016,BR,W2381483192,2021,US,W3186977909
A5048873485,Marten van Sinderen,Foreign to Brazilian,2017,NL,W2594104076,2019,"BR, NL",W2997771289
A5048873485,Marten van Sinderen,Brazilian to Foreign,2019,"BR, NL",W2997771289,2021,NL,W3198768555
A5063272420,Tulio Amaya De Armas,Brazilian to Foreign,2021,BR,W3158192191,2021,CL,W3199084554
A5076741848,Danilo Barbosa Coimbra,Foreign to Brazilian,2015,NL,W2322815201,2015,BR,W2172505280
A5017931206,Leonardo Pavanatto,Brazilian to Foreign,2018,BR,W2914088271,2019,US,W2980949111
A5017931206,Leonardo Pavanatto,Foreign to Brazilian,2019,US,W2980949111,2021,BR,W3130718409
A5030689059,Eriks Klotins,Foreign to Brazilian,2019,SE,W2915378823,2021,"BR, ES, FI, SE",W3128873087
A5091409516,Michael Unterkalmsteiner,Foreign to Brazilian,2019,SE,W2915378823,2021,"BR, ES, FI, SE",W3128873087
A5013662283,Panagiota Chatzipetrou,Foreign to Brazilian,2019,SE,W2915378823,2021,"BR, ES, FI, SE",W3128873087
A5047199297,Tony Gorschek,Foreign to Brazilian,2019,SE,W2915378823,2021,"BR, ES, FI, SE",W3128873087
A5077857227,Nirnaya Tripathi,Foreign to Brazilian,2019,FI,W2915378823,2021,"BR, ES, FI, SE",W3128873087
A5027613326,Marc Alier,Foreign to Brazilian,2021,ES,W3212018835,2021,"BR, ES",W3209440047
A5031951061,Paulo Rauber,Brazilian to Foreign,2016,"BR, NL",W2512304460,2016,NL,W2567581948
A5031951061,Paulo Rauber,Foreign to Brazilian,2016,NL,W2567581948,2017,"BR, NL",W2732036031
A5031951061,Paulo Rauber,Brazilian to Foreign,2017,"BR, NL",W2732947513,2021,GB,W3158799570
A5023803863,David Saldaña,Brazilian to Foreign,2017,"BR, FR",W2736863856,2017,US,W2735167339
A5048255926,Ana Lígia Scott,Foreign to Brazilian,2018,US,W2793245154,2021,BR,W4200170636
A5097572312,Felipe Forero R.,Foreign to Brazilian,2018,CO,W2904798975,2021,"BR, CO",W3216644421
A5025195448,Jason A. C. Gallas,Brazilian to Foreign,2017,BR,W2773588894,2018,"DE, US",W2808066837
A5025195448,Jason A. C. Gallas,Foreign to Brazilian,2018,"DE, US",W2808066837,2021,"BR, US",W3176889683
A5091199962,Juliana Vilela,Brazilian to Foreign,2016,BR,W2430332395,2021,US,W3124518706
A5011626850,Pedro L. Ballester,Brazilian to Foreign,2018,BR,W2896452596,2021,CA,W3136948906
A5025643866,Liz S. Bernedo-Flores,Brazilian to Foreign,2019,BR,W3009341784,2021,PE,W3163781736
A5100634614,Bruno C. da Silva,Brazilian to Foreign,2018,BR,W2897200624,2018,US,W2884416782
A5100634614,Bruno C. da Silva,Foreign to Brazilian,2018,US,W2884416782,2018,BR,W2789972439
A5100634614,Bruno C. da Silva,Brazilian to Foreign,2019,BR,W2978631743,2019,US,W2946834778
A5064637719,Matheus Palhares Viana,Brazilian to Foreign,2018,BR,W2792970460,2018,US,W2890808011
A5064637719,Matheus Palhares Viana,Foreign to Brazilian,2018,US,W2890808011,2019,BR,W2884988214
A5028824039,Walter Lau Neto,Brazilian to Foreign,2018,BR,W2901889659,2021,US,W3183732142
A5009894305,Chigueru Tíba,Brazilian to Foreign,2016,BR,W4389126176,2016,US,W2626035955
A5009894305,Chigueru Tíba,Foreign to Brazilian,2016,US,W2626035955,2016,BR,W2280145075
A5059124651,Rahul Saha,Foreign to Brazilian,2021,IN,W3182295287,2021,"AU, BR, GB, IN, KR",W3204575342
A5075848381,Gulshan Kumar,Foreign to Brazilian,2021,IN,W3182295287,2021,"AU, BR, GB, IN, KR",W3204575342
A5007596905,Tai-hoon Kim,Foreign to Brazilian,2021,CN,W3182295287,2021,"AU, BR, GB, IN, KR",W3204575342
A5025062647,Gustavo Soares,Brazilian to Foreign,2015,BR,W2293861365,2017,"GB, US",W2963663592
A5025062647,Gustavo Soares,Foreign to Brazilian,2017,"GB, US",W2963663592,2017,BR,W2606260126
A5025062647,Gustavo Soares,Brazilian to Foreign,2017,"BR, US",W2605403059,2019,GB,W3011433187
A5065745124,Renan de Pádua,Foreign to Brazilian,2018,ES,W2902581563,2018,BR,W2896961591
A5043176507,Otávio A. B. Penatti,Foreign to Brazilian,2015,US,W2397764157,2015,BR,W1912954554
A5043883129,Bruno Brandoli Machado,Brazilian to Foreign,2018,BR,W2907401987,2020,CA,W3136415407
A5026645483,Pedro Elkind Velmovitsky,Brazilian to Foreign,2017,BR,W2744021792,2019,CA,W2991750569
A5021530302,João Augusto Coblinski,Brazilian to Foreign,2021,BR,W3148783051,2021,CZ,W3142750162
A5033802026,Kemilly Dearo Garcia,Foreign to Brazilian,2019,NL,W3003800824,2021,"BR, NL",W3122290193
A5007667456,João M. P. Cardoso,Foreign to Brazilian,2016,PT,W2330621167,2018,BR,W2885710022
A5007667456,João M. P. Cardoso,Brazilian to Foreign,2018,BR,W2885710022,2021,PT,W3122290193
A5074567745,Pablo Fonseca,Brazilian to Foreign,2016,BR,W2495944923,2021,PE,W3164686837
A5089062573,Melchor Sánchez Mendiola,Brazilian to Foreign,2020,"AR, BR",W3081175376,2021,MX,W3210933450
A5079288310,Alexandre Lima,Brazilian to Foreign,2017,BR,W4240807677,2020,PT,W3009973698
A5087897903,Églen Protas,Brazilian to Foreign,2017,BR,W2783176370,2018,US,W2903936266
A5087897903,Églen Protas,Foreign to Brazilian,2018,US,W2903936266,2018,BR,W2904055553
A5072470443,F. Libano,Brazilian to Foreign,2017,BR,W2777761221,2021,US,W3120425629
A5091885018,Benjamim Bley de Brito Neves,Brazilian to Foreign,2018,BR,W2784540653,2019,ES,W2953223043
A5091885018,Benjamim Bley de Brito Neves,Foreign to Brazilian,2019,ES,W2953223043,2021,BR,W3164331956
A5020973050,Rodrigo Laigner,Brazilian to Foreign,2019,BR,W2973609560,2020,DK,W3093531719
A5068020099,William J. Buchanan,Foreign to Brazilian,2020,GB,W3019989510,2021,"AU, BR, GB, IN, KR",W3204575342
A5015587020,Julián Luengo,Foreign to Brazilian,2015,ES,W1808888563,2017,"BR, ES",W2789526227
A5015587020,Julián Luengo,Brazilian to Foreign,2017,"BR, ES",W2789526227,2018,ES,W2884880418
A5076669417,Lefteris Mamatas,Brazilian to Foreign,2018,BR,W2889698016,2018,GR,W2890670192
A5089138092,Fábio Ferrentini Sampaio,Brazilian to Foreign,2019,BR,W2980045751,2020,US,W3137743025
A5083054638,Mehran Azimbagirad,Brazilian to Foreign,2019,BR,W2988437199,2021,FR,W3187548880
A5003118907,Renan Xavier Cortes,Brazilian to Foreign,2017,BR,W2581701908,2021,CN,W3128438496
A5028844449,Marcelo Cavalcanti Rodrigues,Foreign to Brazilian,2018,PT,W2810152276,2021,BR,W3206570959
A5068417005,Rodrigo C. O. Rocha,Brazilian to Foreign,2016,BR,W2283602323,2017,GB,W2755551539
A5068417005,Rodrigo C. O. Rocha,Foreign to Brazilian,2017,GB,W2623202494,2017,BR,W3162311323
A5068417005,Rodrigo C. O. Rocha,Brazilian to Foreign,2017,BR,W2583500347,2017,GB,W3162826978
A5051865076,Tales P. Nogueira,Brazilian to Foreign,2017,BR,W2992519279,2017,FR,W2762724025
A5051865076,Tales P. Nogueira,Foreign to Brazilian,2017,FR,W2762724025,2018,BR,W2808744993
A5003277024,Bruno Rodrigues,Brazilian to Foreign,2015,BR,W1521896467,2019,CH,W2941453955
A5079623912,Gabriela Sampaio,Brazilian to Foreign,2019,BR,W2941642155,2020,GB,W3095387388
A5067467896,Christian Kästner,Foreign to Brazilian,2020,US,W3102394054,2020,BR,W3089330114
A5067467896,Christian Kästner,Brazilian to Foreign,2020,BR,W3089330114,2020,US,W3153854341
A5077023128,Rogério Luís de C. Costa,Brazilian to Foreign,2018,BR,W2889453831,2021,PT,W3123497510
A5034760736,Danielo G. Gomes,Foreign to Brazilian,2015,ES,W3197056139,2015,BR,W1515093026
A5034760736,Danielo G. Gomes,Brazilian to Foreign,2015,BR,W2519329917,2016,ES,W3006950242
A5034760736,Danielo G. Gomes,Foreign to Brazilian,2016,ES,W3006950242,2016,BR,W2310941399
A5006060788,Carlos Diego Nascimento Damasceno,Brazilian to Foreign,2018,BR,W2784073118,2019,GB,W2967900424
A5006060788,Carlos Diego Nascimento Damasceno,Foreign to Brazilian,2019,GB,W2967900424,2021,BR,W3120639871
A5023179758,Eduardo Morgado Belo,Foreign to Brazilian,2021,PT,W3189485809,2021,BR,W3120825348
A5053153094,Sadek Crisóstomo Absi Alfaro,Foreign to Brazilian,2015,ID,W2332141665,2016,BR,W2552162242
A5051857126,Gabriel Jonas Aguiar,Brazilian to Foreign,2019,BR,W2946864864,2021,US,W3211549280
A5060074931,Amin Bassrei,Foreign to Brazilian,2015,FR,W2318570521,2021,BR,W3212720616
A5057791441,Felipe Becker Nunes,Brazilian to Foreign,2020,BR,W3115063211,2021,DE,W3168961239
A5032935196,David Gilbert,Brazilian to Foreign,2015,BR,W2253605250,2018,CA,W2913899044
A5102864756,Gustavo Santos,Foreign to Brazilian,2016,FR,W2565502930,2020,BR,W3134315599
A5074561441,Fernanda Passini Moreno,Brazilian to Foreign,2018,BR,W2900272906,2021,ID,W3216446850
A5047515722,Rosane Pérez Baldasso,Brazilian to Foreign,2019,BR,W2980077871,2021,PT,W3217662965
A5035872502,Alessandro Corrêa Victorino,Foreign to Brazilian,2016,FR,W2312791952,2017,BR,W2772033393
A5035872502,Alessandro Corrêa Victorino,Brazilian to Foreign,2018,BR,W2884509654,2021,FR,W3119895557
A5016669256,Andrea Bondavalli,Foreign to Brazilian,2019,IT,W2942578132,2021,"BR, IT",W3121032360
A5062497240,Andréia Santos de Carvalho Pinheiro,Brazilian to Foreign,2017,BR,W2767733586,2021,AO,W3173412899
A5016602401,Moacyr Machado Cardoso,Foreign to Brazilian,2019,ME,W4390125147,2021,"BR, ME",W3126636958
A5062982817,Francieli Zanon Boito,Brazilian to Foreign,2018,BR,W2889429815,2019,"FR, US",W2973001798
A5036851432,Kishor S. Trivedi,Brazilian to Foreign,2015,BR,W1562941373,2017,US,W2770697559
A5042325206,Sebastián Alberto Grillo,Brazilian to Foreign,2019,BR,W3105297487,2021,PY,W3207261240
A5015249113,Franciney O. Lima,Brazilian to Foreign,2020,BR,W4213282585,2021,KH,W4205655309
A5088043418,Rodrigo Santos,Brazilian to Foreign,2018,BR,W2899916734,2018,AR,W2804439326
A5088043418,Rodrigo Santos,Foreign to Brazilian,2018,AR,W2804439326,2019,BR,W2999460037
A5056023290,Solange Puntel Mostafa,Brazilian to Foreign,2018,"BR, ES",W2940622601,2018,"DE, US",W2966106582
A5056023290,Solange Puntel Mostafa,Foreign to Brazilian,2018,"DE, US",W2966106582,2019,BR,W4396943204
A5029634834,Gustavo Batista,Brazilian to Foreign,2019,BR,W2966214395,2020,AU,W3126575153
A5039218848,Laís Duarte de Moraes,Brazilian to Foreign,2020,BR,W3090872564,2021,PT,W4285822795
A5083407610,Francisco Welligton de Sousa Barbosa,Brazilian to Foreign,2020,BR,W3090872564,2021,PT,W4285822795
A5013348650,Tiago A. Coimbra,Brazilian to Foreign,2018,BR,W3133984570,2019,NO,W2913963331
A5013348650,Tiago A. Coimbra,Foreign to Brazilian,2019,NO,W2913963331,2019,BR,W2968913182
A5004949717,Celso Dal Ré Carneiro,Brazilian to Foreign,2015,BR,W2108100350,2017,NL,W2767619785
A5004949717,Celso Dal Ré Carneiro,Foreign to Brazilian,2017,NL,W2767619785,2021,BR,W3140339488
A5026684568,Markos Viggiato,Brazilian to Foreign,2018,BR,W2898708716,2019,CA,W2964477267
A5072233007,Antonio Ferramosca,Brazilian to Foreign,2019,"AR, BR",W2998340619,2019,AR,W3004786756
A5073260558,Karina Villela,Foreign to Brazilian,2017,DE,W2618525669,2019,"BR, DE",W2915868865
A5073260558,Karina Villela,Brazilian to Foreign,2019,"BR, DE",W2915868865,2021,DE,W3215589995
A5055670141,Herleson Paiva Pontes,Foreign to Brazilian,2015,NO,W3036124317,2018,BR,W2904207690
A5087557864,Edielson P. Frigieri,Brazilian to Foreign,2016,BR,W2508350645,2021,NL,W3118505405
A5022847644,Daniel Mendes,Foreign to Brazilian,2017,PT,W2604342324,2021,"BR, PT",W3160146960
A5090232242,Weldon A. Lodwick,Foreign to Brazilian,2018,US,W2884642533,2019,"BR, US",W2967133425
A5090232242,Weldon A. Lodwick,Brazilian to Foreign,2019,"BR, US",W2967133425,2021,US,W3126084804
A5050234019,Clara Caldeira,Brazilian to Foreign,2020,BR,W3115937214,2021,US,W3217418899
A5014705112,Michael Collin Vargas,Foreign to Brazilian,2019,PT,W2944721350,2021,BR,W4200112531
A5021522319,Fábio Luiz Paranhos Costa,Foreign to Brazilian,2019,CO,W3213611373,2021,BR,W3160189085
A5079924846,Rodrigo Cataldo,Brazilian to Foreign,2020,"BR, FR",W3106635689,2020,FR,W3013759030
A5009078247,Camille Poignard,Brazilian to Foreign,2018,BR,W2795471767,2019,GB,W2963040488
A5009078247,Camille Poignard,Foreign to Brazilian,2019,GB,W2963040488,2021,"BR, FR, GB",W3216084388
A5035113289,Magali Rezende de Carvalho,Foreign to Brazilian,2020,US,W3119412090,2020,BR,W3087664928
A5013525080,Fábio Fabris,Foreign to Brazilian,2018,GB,W2905041909,2020,BR,W3083582095
A5080898731,Fernanda María Melo Alves,Foreign to Brazilian,2018,ES,W3133871407,2020,BR,W3033380515
A5078449608,Glaucirene Siebra Moura Ferreira,Brazilian to Foreign,2020,BR,W3120844421,2020,IT,W3085189113
A5002381131,Maria do Carmo Soares de Freitas,Foreign to Brazilian,2015,IT,W2257470347,2015,BR,W2253455810
A5045926629,Paulo Gilvane Lopes Pena,Brazilian to Foreign,2015,BR,W2253455810,2020,FR,W3040095570
A5011674035,Thaísa Leal da Silva,Foreign to Brazilian,2015,PT,W2150979502,2016,BR,W2522130136
A5011674035,Thaísa Leal da Silva,Brazilian to Foreign,2020,BR,W3046414180,2020,PT,W3113443984
A5076969276,Rafael Silveira Xavier,Foreign to Brazilian,2017,BE,W2759840727,2018,BR,W2899791162
A5076969276,Rafael Silveira Xavier,Brazilian to Foreign,2018,BR,W2899791162,2019,BE,W2956069289
A5040888425,Clarimar José Coelho,Brazilian to Foreign,2017,BR,W2775335914,2020,US,W3096305935
A5040888425,Clarimar José Coelho,Foreign to Brazilian,2020,US,W3096305935,2020,BR,W3082640915
A5010735625,Thais Helen do Nascimento Santos,Brazilian to Foreign,2018,BR,W2795358803,2018,PT,W2889835578
A5010735625,Thais Helen do Nascimento Santos,Foreign to Brazilian,2018,PT,W2889835578,2020,BR,W3114165478
A5054637479,Érika Giovana Carvalho da Silva,Foreign to Brazilian,2020,IE,W3107488133,2020,BR,W3080520909
A5060365694,Orivaldo de Lira Tavares,Brazilian to Foreign,2016,BR,W2553297616,2016,US,W2914249862
A5060365694,Orivaldo de Lira Tavares,Foreign to Brazilian,2016,US,W2914249862,2017,BR,W2767472874
A5056437049,Fabiano Armellini,Foreign to Brazilian,2020,CA,W3100305158,2020,"BR, CA",W3112871687
A5083598785,L.Y. Dávalos Castilla,Foreign to Brazilian,2020,MX,W3180071402,2020,"BR, MX, US",W3137010431
A5033307303,Michele dos Santos Gomes da Rosa,Brazilian to Foreign,2017,BR,W2606587031,2020,PT,W3089783256
A5055785688,Bruno Oliveira Cattelan,Brazilian to Foreign,2017,"BR, DE",W2767657939,2020,DE,W3089151421
A5022893996,Frederico Ramos Oliveira,Brazilian to Foreign,2017,BR,W2782513685,2018,"GB, US",W2946407140
A5022893996,Frederico Ramos Oliveira,Foreign to Brazilian,2018,"GB, US",W2946407140,2020,BR,W3087894705
A5040823899,Denise Consuelo Moser Aguiar,Brazilian to Foreign,2018,BR,W2796356559,2020,CR,W3082120537
A5040823899,Denise Consuelo Moser Aguiar,Foreign to Brazilian,2020,CR,W3082120537,2020,BR,W3096613753
A5110059964,Ricardo Nakamura,Brazilian to Foreign,2018,BR,W2969611163,2019,MZ,W2988577274
A5110059964,Ricardo Nakamura,Foreign to Brazilian,2019,MZ,W2988577274,2019,BR,W2966255881
A5027906200,Andréa Tayse de Lima Gomes,Foreign to Brazilian,2017,MX,W2754147936,2020,BR,W3012454389
A5032194210,Plínio Silveira,Foreign to Brazilian,2019,US,W2991478576,2020,BR,W3109815239
A5032194210,Plínio Silveira,Brazilian to Foreign,2020,BR,W3109815239,2020,US,W3134521254
A5100751931,Luís Almeida,Foreign to Brazilian,2015,PT,W2543229140,2015,BR,W2411620083
A5100751931,Luís Almeida,Brazilian to Foreign,2015,BR,W2411620083,2016,PT,W2564439117
A5063930006,Guilherme da Cunha Rodrigues,Brazilian to Foreign,2016,BR,W2508107934,2017,AU,W2771019015
A5063930006,Guilherme da Cunha Rodrigues,Foreign to Brazilian,2017,AU,W2771019015,2017,BR,W2605788902
A5066513609,Katia Vega,Brazilian to Foreign,2015,BR,W2125444087,2020,US,W3113569219
A5076544688,Alexandre Medeiros Correia de Sousa,Brazilian to Foreign,2019,BR,W2917765804,2020,PT,W3119482325
A5112514152,Alessa Anjos de Oliveira,Brazilian to Foreign,2020,"BR, PT",W4394714584,2020,PT,W3012032674
A5101599923,Thiago Monteiro Alves,Brazilian to Foreign,2019,BR,W3150553978,2020,"CN, US",W3210139188
A5049672159,J.C.R. Mittani,Foreign to Brazilian,2020,BE,W3111239686,2020,BR,W3033736094
A5000472856,Sudipta Dasgupta,Brazilian to Foreign,2019,BR,W3196520940,2020,IN,W3193882707
A5052064821,Thaís Marques Lima,Brazilian to Foreign,2017,BR,W2946007499,2020,NL,W3157490716
A5071702962,Adriano Koshiyama,Brazilian to Foreign,2016,BR,W2553757956,2017,GB,W2765331456
A5055009057,Hugo Vieira Neto,Brazilian to Foreign,2016,BR,W2555581001,2016,US,W2574947038
A5055009057,Hugo Vieira Neto,Foreign to Brazilian,2016,US,W2574947038,2017,BR,W2752132111
A5052986333,Charles Steinmetz,Brazilian to Foreign,2018,BR,W2886274257,2020,DE,W3113132030
A5005900901,Nizam Omar,Foreign to Brazilian,2016,UY,W2267617274,2017,BR,W2780872246
A5005900901,Nizam Omar,Brazilian to Foreign,2019,BR,W2966354133,2019,NZ,W4253876858
A5005900901,Nizam Omar,Foreign to Brazilian,2019,NZ,W4253876858,2019,BR,W2968991946
A5043232020,Gabriel Ganzer,Brazilian to Foreign,2019,BR,W2922489396,2020,IT,W3021662007
A5052864600,Wyverson Bonasoli de Oliveira,Brazilian to Foreign,2017,BR,W2939608321,2020,US,W2948595979
A5052864600,Wyverson Bonasoli de Oliveira,Foreign to Brazilian,2020,US,W2948595979,2020,BR,W3105333265
A5041427628,Tiago Trevisan Jost,Brazilian to Foreign,2017,BR,W2613167362,2020,FR,W2771953573
A5031902331,Michel Júnior Miorelli,Brazilian to Foreign,2020,BR,W3097287837,2020,US,W3118816635
A5071938229,Nishad Kothari,Brazilian to Foreign,2020,BR,W2923677168,2020,CA,W3002049452
A5071938229,Nishad Kothari,Foreign to Brazilian,2020,AT,W3048892587,2020,BR,W3022029076
A5030263258,Daniel Eduardo Sánchez,Foreign to Brazilian,2018,CL,W2887767386,2020,"BR, CL",W3008865445
A5055284061,Renata Gonçalves Curty,Brazilian to Foreign,2018,BR,W2912863191,2020,US,W3094618188
A5060191318,Raylane da Silva Machado,Brazilian to Foreign,2016,BR,W2618926770,2020,KR,W3136682308
A5013483395,Diego Moussallem,Brazilian to Foreign,2015,BR,W2270505386,2016,DE,W2529756066
A5009037958,Joaquim Santos,Brazilian to Foreign,2020,BR,W3032501247,2020,PT,W3082265874
A5031573145,Cleber de Souza Alcântara,Brazilian to Foreign,2018,BR,W2891636837,2020,US,W3031668090
A5042379351,Vinicius Woloszyn,Brazilian to Foreign,2018,BR,W2800845013,2020,DE,W3030172870
A5075001284,Sebastian Möller,Foreign to Brazilian,2018,DE,W2902517771,2019,BR,W2953765957
A5075001284,Sebastian Möller,Brazilian to Foreign,2019,BR,W2953765957,2020,DE,W3030172870
A5008798208,Leonardo Cotta,Brazilian to Foreign,2016,BR,W2498860175,2020,US,W3105078559
A5088244706,Ana Margarida Almeida,Foreign to Brazilian,2016,PT,W2581106028,2017,BR,W2737974841
A5088244706,Ana Margarida Almeida,Brazilian to Foreign,2017,BR,W2737974841,2020,PT,W4394714490
A5019319145,Mayra Isabel Correia Pinheiro,Foreign to Brazilian,2020,ST,W4386888675,2020,BR,W4386823979
A5086000986,Nilzete Ferreira Gomes,Foreign to Brazilian,2017,ES,W2623545676,2020,BR,W4292413373
A5085652102,Carolina Carvalho,Brazilian to Foreign,2020,BR,W4245444158,2020,PT,W3033217049
A5038723583,Raouf Boutaba,Foreign to Brazilian,2019,CA,W4230203497,2020,"BR, CA, FR",W4233411809
A5100393204,Eduardo Silva,Brazilian to Foreign,2017,BR,W4233149771,2018,FR,W2811152607
A5100393204,Eduardo Silva,Foreign to Brazilian,2018,FR,W2811152607,2019,BR,W2946252418
A5104031270,Rodrigo De Figueiredo,Foreign to Brazilian,2018,US,W2895795905,2020,BR,W4213199858
A5017867754,Cristiane Marina Teixeira Girard,Foreign to Brazilian,2016,ES,W2737555392,2017,BR,W2689620392
A5076565198,Thiago Gonçalves dos Santos Martins,Brazilian to Foreign,2020,BR,W3133826798,2020,PT,W3111765336
A5110661457,Patrícia Carvalho Mendes,Brazilian to Foreign,2019,BR,W2999930138,2020,CU,W3015628225
A5081482836,Denis Moreira dos Reis,Brazilian to Foreign,2017,BR,W2784116117,2018,ES,W2942104254
A5081482836,Denis Moreira dos Reis,Foreign to Brazilian,2018,ES,W2942104254,2018,BR,W2809060865
A5051402271,Gisele Mara Hadlich,Foreign to Brazilian,2017,ES,W2747260316,2020,BR,W3041358290
A5086741849,Hugo Sadok,Brazilian to Foreign,2019,BR,W4249889413,2020,US,W3039718313
A5053947754,Paolo Rosso,Brazilian to Foreign,2018,"BR, ES, IT, MX",W2807380311,2020,ES,W3034598515
A5014262462,Cleber C. Melo‐Filho,Brazilian to Foreign,2018,BR,W2792178466,2020,US,W3045876280
A5042070839,Douglas Teodoro,Brazilian to Foreign,2017,BR,W3041418932,2020,CH,W3101058639
A5075156079,Edson Damasceno Carvalho,Foreign to Brazilian,2016,AU,W2583993478,2017,BR,W2981721691
A5033008187,Maurício Aniche,Brazilian to Foreign,2016,BR,W2510402790,2017,NL,W2754290558
A5046247590,Josef A. Nossek,Foreign to Brazilian,2016,DE,W2546332289,2016,"BR, DE",W2259945539
A5082883292,Guilherme A. S. Pereira,Brazilian to Foreign,2018,BR,W2905363331,2020,US,W2999905781
A5090826199,Ali Khosravi,Brazilian to Foreign,2018,BR,W2803673974,2020,FI,W3083993295
A5113663047,Siome Goldenstein,Brazilian to Foreign,2018,BR,W2811288179,2020,US,W3016861918
A5045494161,Neiva Linder,Foreign to Brazilian,2018,SE,W2906419669,2019,BR,W2995437599
A5045494161,Neiva Linder,Brazilian to Foreign,2019,BR,W2978903848,2020,SE,W3111656105
A5066680887,Gabriel Marques Tavares,Brazilian to Foreign,2019,BR,W2968736618,2020,IT,W3037031525
A5102825308,Tiago Pimentel,Foreign to Brazilian,2017,IT,W2907378409,2018,BR,W2786074862
A5103249755,Isabella Ferreira,Brazilian to Foreign,2018,BR,W2809097206,2020,CA,W3027212681
A5040443508,Andre Abs da Cruz,Brazilian to Foreign,2015,BR,W1667148163,2017,BE,W2765331456
A5046989016,Renato Markele Ferreira Cândido,Foreign to Brazilian,2020,FR,W3163190070,2020,BR,W3033430999
A5088512957,João G. Nizer Rahmeier,Brazilian to Foreign,2018,BR,W2901870331,2020,CA,W3113216281
A5043645877,Gabriel Poesia,Brazilian to Foreign,2017,BR,W2761620348,2020,US,W3110362426
A5023806007,Ivan Aguilar,Brazilian to Foreign,2019,BR,W2969260560,2020,CA,W3089819169
A5059159203,Luis Piardi,Foreign to Brazilian,2019,PT,W2950248592,2019,"BR, PT",W2977984479
A5059159203,Luis Piardi,Brazilian to Foreign,2019,"BR, PT",W2977984479,2020,PT,W3027529940
A5083537530,Thadeu Brito,Brazilian to Foreign,2019,BR,W2950248592,2020,PT,W3027529940
A5062093953,Marcelo Novaes de Rezende,Brazilian to Foreign,2016,BR,W2490334361,2019,US,W2990318934
A5062093953,Marcelo Novaes de Rezende,Foreign to Brazilian,2019,US,W2990318934,2020,BR,W3126231000
A5088309939,Victor Adriel de Jesus Oliveira,Brazilian to Foreign,2018,BR,W2889274453,2020,AT,W3024475054
A5063902126,Jefferson E. Ricardini,Brazilian to Foreign,2018,BR,W2794738673,2020,US,W3019017170
A5004092893,Davi Monteiro,Brazilian to Foreign,2017,BR,W2755277040,2020,IE,W3082477462
A5065222332,Felix Antreich,Foreign to Brazilian,2016,DE,W2519404343,2017,BR,W2699090067
A5050483598,Vitalio Alfonso Reguera,Foreign to Brazilian,2018,CU,W2890497043,2020,BR,W3101740982
A5032567434,Reza Javanmard Alitappeh,Brazilian to Foreign,2017,BR,W2736863856,2017,IR,W2582486223
A5079030687,Melany M. Ciampi,Brazilian to Foreign,2019,BR,W2963291171,2020,HK,W3095225928
A5037754472,Ceres Germanna Braga Morais,Brazilian to Foreign,2020,BR,W3097712621,2020,PT,W3133796560
A5067634389,Daniel Bristot de Oliveira,Brazilian to Foreign,2018,BR,W2899222290,2019,US,W2958225231
A5067634389,Daniel Bristot de Oliveira,Foreign to Brazilian,2019,IT,W2990526156,2020,BR,W3037934759
A5032334030,Juliana Colussi Ribeiro,Brazilian to Foreign,2016,BR,W2510492539,2018,CO,W2901228877
A5109150942,Luis Uzeda Garcia,Brazilian to Foreign,2016,BR,W2460169847,2020,FR,W3093241337
A5019414171,Cezar Reinbrecht,Brazilian to Foreign,2018,BR,W2798492591,2019,NL,W2917965091
A5019414171,Cezar Reinbrecht,Foreign to Brazilian,2019,NL,W2917965091,2019,BR,W2942303437
A5019414171,Cezar Reinbrecht,Brazilian to Foreign,2019,BR,W2992282173,2020,NL,W3047470738
A5010927257,Nathalia Nascimento,Brazilian to Foreign,2018,BR,W2913549154,2020,CA,W2928358897
A5043449089,Thiago Resek,Foreign to Brazilian,2019,GB,W2971329679,2020,BR,W3058492236
A5072462679,John P. S. Peterson,Brazilian to Foreign,2018,BR,W2546867484,2020,CA,W3101626789
A5012478671,Leonardo Enzo Brito da Silva,Foreign to Brazilian,2016,US,W2550105835,2017,"BR, US",W2615068864
A5038037619,Donald C. Wunsch,Brazilian to Foreign,2016,BR,W2550105835,2017,US,W2615068864
A5091910200,Felipe Lemes Galvão,Brazilian to Foreign,2019,BR,W3105692206,2020,CN,W3039898277
A5046386224,Ricardo Resende de Mendonça,Foreign to Brazilian,2019,"NO, UY",W3000201588,2020,BR,W3010661144
A5036622973,Alexandre da Silva Veith,Brazilian to Foreign,2015,BR,W1973887215,2020,CA,W3111606561
A5008241470,Fausto A. Canales,Brazilian to Foreign,2017,BR,W2748120267,2020,CO,W3011983148
A5112442157,Gabriela Batista,Brazilian to Foreign,2018,"BR, US",W2944962535,2020,PR,W3047013287
A5057639889,Yan Zhu,Foreign to Brazilian,2017,US,W2702877955,2018,BR,W2808779432
A5057639889,Yan Zhu,Brazilian to Foreign,2018,BR,W2808779432,2020,US,W3015011545
A5011045620,Chin‐Chia Michael Yeh,Foreign to Brazilian,2017,US,W2702877955,2018,BR,W2808779432
A5011045620,Chin‐Chia Michael Yeh,Brazilian to Foreign,2018,BR,W2808779432,2020,US,W3015011545
A5092264218,Lourdes Ramírez Cerna,Foreign to Brazilian,2019,PE,W2993015045,2020,BR,W3097629168
A5024184836,Dimitri Danulussi Alves Costa,Brazilian to Foreign,2016,BR,W2492296140,2020,GB,W3024640266
A5067629094,Douglas Cirqueira,Brazilian to Foreign,2017,BR,W2742374908,2020,IE,W3099862073
A5075240942,Levente Csikor,Foreign to Brazilian,2018,HU,W2891445490,2018,BR,W2885689390
A5075240942,Levente Csikor,Brazilian to Foreign,2018,BR,W2886748247,2020,SG,W3049757273
A5023375511,Vagner dos Santos,Foreign to Brazilian,2018,"CN, DE, GB, UA",W2884421451,2020,BR,W3047511332
A5088056415,Jan Albiez,Brazilian to Foreign,2017,"BR, DE",W2744683172,2020,DE,W3049501393
A5101762558,Renan Souza,Foreign to Brazilian,2018,US,W2889494745,2018,BR,W2888906248
A5074595226,Zulmira Hartz,Foreign to Brazilian,2017,PT,W2753581695,2020,"BR, FR, PT",W3034005771
A5074595226,Zulmira Hartz,Brazilian to Foreign,2020,"BR, FR, PT",W3034005771,2020,PT,W3033066001
A5042045970,João Porto de Albuquerque,Brazilian to Foreign,2016,"BR, MD",W2344467996,2018,GB,W2914618246
A5042045970,João Porto de Albuquerque,Foreign to Brazilian,2018,GB,W2914618246,2018,"BR, GB",W2803317413
A5042045970,João Porto de Albuquerque,Brazilian to Foreign,2018,"BR, GB",W2803317413,2018,GB,W2909754596
A5068417431,Carlos Colman-Meixner,Foreign to Brazilian,2016,US,W2627006658,2018,BR,W2898835161
A5068417431,Carlos Colman-Meixner,Brazilian to Foreign,2018,BR,W2898835161,2020,GB,W3096589863
A5061750441,Matheus Cruz,Foreign to Brazilian,2018,US,W2898729402,2020,BR,W3094807411
A5051092970,Nayat Sánchez-Pi,Brazilian to Foreign,2019,BR,W3002140608,2020,CL,W3083416241
A5072076034,Neil D. B. Bruce,Brazilian to Foreign,2018,BR,W2889471991,2020,CA,W3049037379
A5073830969,Marina Ferri Pezzini,Brazilian to Foreign,2019,BR,W3046635274,2020,US,W3022988293
A5044966543,Glaucimar Aguiar,Brazilian to Foreign,2019,BR,W2991478576,2020,US,W3134521254
A5085590051,Wildson Cardoso Assunção,Brazilian to Foreign,2019,BR,W2969418176,2020,ES,W3121702673
A5083046704,Rensso Mora-Colque,Brazilian to Foreign,2018,BR,W2793982772,2020,PE,W3012520750
A5023368807,Francisco Mayron Morais Soares,Brazilian to Foreign,2019,BR,W2945678009,2020,IT,W3085189113
A5066627984,Kássio M. G. Lima,Brazilian to Foreign,2018,BR,W4242733473,2020,GB,W3015160397
A5062059529,Caique Fernando da Silva Fistarol,Foreign to Brazilian,2019,"MX, PY",W2957796595,2020,BR,W3035797921
A5113839220,Luiz Felipe Dias,Brazilian to Foreign,2018,BR,W2793331673,2020,US,W3042278531
A5004105984,Luiz G. C. Melo,Brazilian to Foreign,2017,BR,W2766405432,2020,CA,W3132160291
A5067936369,Luana Okino Sawada,Foreign to Brazilian,2019,US,W2960763182,2020,BR,W3049489845
A5100345291,Paulo Silva,Foreign to Brazilian,2018,PT,W2912959196,2020,BR,W3093842834
A5065749231,Nelma Camêlo Araújo,Brazilian to Foreign,2018,BR,W2939943320,2020,ES,W3095888567
A5001923006,S. Vallecorsa,Foreign to Brazilian,2017,CH,W2617336364,2020,BR,W3101852412
A5043744108,Marcely Zanon Boito,Brazilian to Foreign,2017,"BR, FR",W2963819008,2020,FR,W3127852407
A5081030502,Thiago Nascimento Ferreira,Brazilian to Foreign,2019,BR,W2914054349,2020,US,W3095170190
A5078455175,Silena Herold-García,Foreign to Brazilian,2019,CU,W2980022843,2020,BR,W3109570543
A5067130992,Sandra Baldassarri,Brazilian to Foreign,2019,BR,W2971854825,2020,ES,W3106697728
A5056477672,João Paulo de Araujo,Brazilian to Foreign,2015,BR,W1976763300,2016,FR,W2570455872
A5056477672,João Paulo de Araujo,Foreign to Brazilian,2016,FR,W2570455872,2016,BR,W2401960725
A5056477672,João Paulo de Araujo,Brazilian to Foreign,2016,BR,W2484168025,2018,"AT, FR",W2810506662
A5011201364,Francesco Lettich,Foreign to Brazilian,2016,IT,W2519903495,2017,BR,W2619365251
A5011201364,Francesco Lettich,Brazilian to Foreign,2018,BR,W2886518140,2019,CA,W2993219146
A5011201364,Francesco Lettich,Foreign to Brazilian,2019,CA,W2993219146,2020,BR,W3048015653
A5109100433,Renato Cerqueira,Brazilian to Foreign,2015,BR,W2077935129,2015,US,W2105039402
A5109100433,Renato Cerqueira,Foreign to Brazilian,2015,US,W2105039402,2015,BR,W4237139599
A5102919594,Valentina Sessa,Brazilian to Foreign,2018,BR,W2807349988,2020,FR,W3010920948
A5086024057,Gleison Souza Diniz Mendonça,Brazilian to Foreign,2016,BR,W2565678539,2017,US,W2619305731
A5086024057,Gleison Souza Diniz Mendonça,Foreign to Brazilian,2017,US,W2619305731,2020,BR,W3022929382
A5017532452,Marco A. S. Netto,Brazilian to Foreign,2015,BR,W2293185060,2015,US,W2004733468
A5017532452,Marco A. S. Netto,Foreign to Brazilian,2015,US,W2004733468,2018,BR,W2919410695
A5108003577,Rodrigo Ribeiro,Brazilian to Foreign,2019,BR,W2954577621,2020,"CL, US",W3048448120
A5046244008,David Déharbe,Brazilian to Foreign,2018,BR,W2400941451,2020,FR,W3048275399
A5027270410,Eduardo C. Inacio,Brazilian to Foreign,2017,BR,W3093497759,2018,JP,W2793696086
A5027270410,Eduardo C. Inacio,Foreign to Brazilian,2018,JP,W2793696086,2018,BR,W2900984573
A5101824560,José António Moreira,Brazilian to Foreign,2018,BR,W2800752002,2020,PT,W3039402328
A5007948704,Felipe A. Kuentzer,Brazilian to Foreign,2018,BR,W2901182317,2020,DE,W3082007995
A5043804169,Cleber da Silva André,Brazilian to Foreign,2018,BR,W2908484484,2019,ES,W3005667626
A5005298276,Diana Cristina González,Brazilian to Foreign,2018,BR,W2793484473,2019,US,W3005660869
A5018016935,Roberto Gerson de Albuquerque Azevedo,Brazilian to Foreign,2018,BR,W2895319199,2019,CH,W2999460037
A5021902585,Gregory Moro Puppi Wanderley,Brazilian to Foreign,2015,BR,W2007355053,2018,FR,W2903095747
A5021902585,Gregory Moro Puppi Wanderley,Foreign to Brazilian,2018,FR,W2903095747,2019,BR,W2969111742
A5021902585,Gregory Moro Puppi Wanderley,Brazilian to Foreign,2019,BR,W2969111742,2019,FR,W2947243315
A5074194276,Paulo Fernandes,Brazilian to Foreign,2016,BR,W2517666118,2017,PT,W2726212870
A5074194276,Paulo Fernandes,Foreign to Brazilian,2017,PT,W2726212870,2018,BR,W2898988087
A5074194276,Paulo Fernandes,Brazilian to Foreign,2018,BR,W2809102951,2019,US,W2968568868
A5064438742,Felipe Rodrigo de Souza,Brazilian to Foreign,2017,BR,W2731882144,2019,FR,W2968617886
A5064438742,Felipe Rodrigo de Souza,Foreign to Brazilian,2019,FR,W4245401327,2019,BR,W2921461827
A5037214584,Vicente de Paulo F. Marques Sobrinho,Brazilian to Foreign,2018,BR,W2898319348,2019,US,W2964809065
A5020552292,Rodrigo Nogueira,Brazilian to Foreign,2019,BR,W2974636166,2019,PT,W2985777751
A5055943481,Miguel P. Monteiro,Brazilian to Foreign,2015,"BR, PT",W2296681214,2015,PT,W1526431722
A5055943481,Miguel P. Monteiro,Foreign to Brazilian,2015,PT,W1526431722,2015,"BR, PT",W4243473186
A5055943481,Miguel P. Monteiro,Brazilian to Foreign,2015,"BR, PT",W4243473186,2015,PT,W2011174451
A5011528328,Calin Curescu,Foreign to Brazilian,2017,SE,W2738061093,2017,BR,W2737337744
A5011528328,Calin Curescu,Brazilian to Foreign,2017,BR,W2737337744,2019,SE,W2967236388
A5056213327,Estevam R. Hruschka,Foreign to Brazilian,2016,US,W2583738779,2016,BR,W2340083270
A5069146139,Rute Abreu,Foreign to Brazilian,2016,PT,W2550296109,2019,BR,W2991313050
A5041114345,Cícero Nogueira dos Santos,Foreign to Brazilian,2016,US,W3100704554,2019,BR,W2991482129
A5041114345,Cícero Nogueira dos Santos,Brazilian to Foreign,2019,BR,W2991482129,2019,US,W2912433662
A5050891749,Lucas Barsand,Foreign to Brazilian,2019,US,W3160396684,2019,BR,W2980562606
A5103937199,Maria da Graça de Melo Simões,Foreign to Brazilian,2018,PT,W2786071014,2019,"BR, CO, CU",W3103277406
A5079195864,Sandro Rama Fiorini,Brazilian to Foreign,2016,BR,W2525590421,2017,FR,W2738122493
A5079195864,Sandro Rama Fiorini,Foreign to Brazilian,2018,FR,W2937178421,2019,BR,W3011749451
A5075228678,Carlos Hoffmann Sampaio,Brazilian to Foreign,2015,BR,W2173037225,2019,ES,W2955201263
A5064908841,Dmitry Karamzin,Brazilian to Foreign,2015,"BR, RU",W2112140094,2016,"PT, RU",W2467350887
A5005445685,Фернандо Лобо Перейра,Foreign to Brazilian,2019,PT,W2937316886,2019,BR,W2911770770
A5032302906,Joao M. Duarte,Brazilian to Foreign,2016,BR,W2579735331,2017,CH,W3021529947
A5032302906,Joao M. Duarte,Foreign to Brazilian,2017,CH,W3021529947,2017,"BR, CH",W2625765519
A5032302906,Joao M. Duarte,Brazilian to Foreign,2017,"BR, CH",W2625765519,2017,CH,W2580674088
A5032302906,Joao M. Duarte,Foreign to Brazilian,2017,CH,W2580674088,2017,BR,W2770347677
A5032302906,Joao M. Duarte,Brazilian to Foreign,2018,"BR, CH, CV",W2794857660,2019,CV,W2773930076
A5046089741,Luis Manuel Garcés-Socarrás,Foreign to Brazilian,2016,CU,W2483007198,2017,BR,W2766934278
A5046089741,Luis Manuel Garcés-Socarrás,Brazilian to Foreign,2017,BR,W2766934278,2018,CU,W2833215049
A5009123565,Marcos Rincón Voelzke,Foreign to Brazilian,2017,DE,W3083513866,2019,"BR, DE",W2911760351
A5064967043,Brayan René Acevedo Jaimes,Brazilian to Foreign,2017,BR,W2766754718,2019,CO,W2950326721
A5064967043,Brayan René Acevedo Jaimes,Foreign to Brazilian,2019,CO,W2950326721,2019,BR,W2949636490
A5033498375,Jussara Santos Pimenta,Brazilian to Foreign,2019,BR,W3153829321,2019,ES,W2984747901
A5033498375,Jussara Santos Pimenta,Foreign to Brazilian,2019,ES,W2982915595,2019,BR,W2944369922
A5054824376,Robson Costa,Foreign to Brazilian,2015,PT,W1660038762,2019,BR,W2973628488
A5074019384,Jens Otten,Foreign to Brazilian,2018,NO,W2741470272,2019,"BR, NO",W2969989726
A5035357248,Mariano Eduardo Burich,Brazilian to Foreign,2017,BR,W2589553782,2019,US,W2940042023
A5102142059,Cristiano Cortez da Rocha,Brazilian to Foreign,2018,BR,W2795099364,2019,PT,W2943279837
A5058992847,Raquel Fellet Lawall,Brazilian to Foreign,2015,BR,W2588872106,2019,"BE, US",W2979665836
A5035444797,Luiza Morgana Klueger Souza,Brazilian to Foreign,2017,BR,W2770913537,2019,ES,W2908733047
A5024267128,Isvani Frías Blanco,Foreign to Brazilian,2016,CU,W2478192814,2018,BR,W2810128799
A5021974406,Fernanda Kelly Fraga Oliveira,Brazilian to Foreign,2017,BR,W2912953382,2017,PT,W2776241287
A5021974406,Fernanda Kelly Fraga Oliveira,Foreign to Brazilian,2017,PT,W2776241287,2019,BR,W3035438929
A5057738229,Rafael C. Cardoso,Brazilian to Foreign,2018,BR,W2810663083,2019,GB,W2946430360
A5034701757,Bruno Castro da Silva,Foreign to Brazilian,2016,BE,W2572752914,2016,BR,W2467681623
A5070391773,Juliana Ravaschio Franco de Camargo,Foreign to Brazilian,2018,PT,W2941515850,2019,BR,W2995487354
A5026665458,Michel C. R. Leles,Brazilian to Foreign,2018,BR,W3114658502,2019,US,W2996663748
A5026665458,Michel C. R. Leles,Foreign to Brazilian,2019,US,W2996663748,2019,BR,W2973395132
A5068590850,Eduardo Soares,Brazilian to Foreign,2019,BR,W2998039092,2019,GB,W2995193330
A5013949339,Lucrécia Helena Loureiro,Brazilian to Foreign,2017,BR,W2884938725,2018,UY,W2887694549
A5013949339,Lucrécia Helena Loureiro,Foreign to Brazilian,2018,UY,W2887694549,2019,BR,W4252309799
A5051242504,Rolando Menchaca-Méndez,Foreign to Brazilian,2018,MX,W2802712667,2019,"BR, US",W4247951317
A5024727516,Gonzalo D. Maso Talou,Foreign to Brazilian,2019,NZ,W2990051511,2019,BR,W2935892026
A5021095237,Rinaldo Lima,Brazilian to Foreign,2016,BR,W2584234556,2017,US,W2806202320
A5021095237,Rinaldo Lima,Foreign to Brazilian,2017,US,W2806202320,2017,BR,W2762444032
A5082810735,Rafael Martins,Foreign to Brazilian,2017,SE,W2732947513,2019,BR,W2994107146
A5112385998,Nathann Cohen,Foreign to Brazilian,2018,FR,W2595408264,2019,"BR, FR, NO",W2529546365
A5087152243,William Lochet,Foreign to Brazilian,2018,FR,W2595408264,2019,"BR, FR, NO",W2529546365
A5020941021,Taciano Perez,Brazilian to Foreign,2019,BR,W2913364308,2019,NL,W2994774786
A5010444815,Felipe S. Marranghello,Brazilian to Foreign,2015,BR,W2212327366,2018,SE,W2901889659
A5010444815,Felipe S. Marranghello,Foreign to Brazilian,2018,SE,W2901889659,2019,BR,W2913650413
A5109404085,Giordano B. S. Ferreira,Foreign to Brazilian,2018,US,W2921608233,2019,BR,W2967773665
A5023889181,Albert Farrés,Brazilian to Foreign,2017,BR,W2770872090,2019,ES,W2908629543
A5033562494,Valeria de Paiva,Brazilian to Foreign,2015,"BR, DE, PT, US",W2259090082,2017,US,W2773818914
A5033562494,Valeria de Paiva,Foreign to Brazilian,2019,US,W2943746135,2019,"BR, QA, US",W3100063921
A5024979555,Cecília Lemos Debs,Foreign to Brazilian,2016,PE,W2560060509,2019,BR,W2985504648
A5081911608,Claudio Rosales,Foreign to Brazilian,2016,AR,W2306367583,2017,"AR, BR",W2760243623
A5081911608,Claudio Rosales,Brazilian to Foreign,2017,"AR, BR",W2760243623,2018,AR,W2789553528
A5084600626,Francisco Rossomando,Brazilian to Foreign,2018,"AR, BR",W2795822253,2019,AR,W2967302873
A5070906088,Carlos Soria,Brazilian to Foreign,2018,"AR, BR",W2795822253,2019,AR,W2967302873
A5000849024,Ricardo Carelli,Foreign to Brazilian,2016,AR,W2306367583,2017,"AR, BR",W2760243623
A5000849024,Ricardo Carelli,Brazilian to Foreign,2018,"AR, BR",W2795822253,2018,AR,W2892336916
A5018047171,J. P. Carvalho,Brazilian to Foreign,2018,BR,W2902022303,2019,PT,W2963783875
A5038403447,Lucas Gren,Brazilian to Foreign,2016,BR,W2402775416,2019,SE,W3126098855
A5086394828,Claudia Rivera,Brazilian to Foreign,2018,"BR, PE",W2906938633,2019,PE,W2999034370
A5086394828,Claudia Rivera,Foreign to Brazilian,2019,PE,W2999034370,2019,"BR, PE",W2985684203
A5036097948,Jorge Luna-Urquizo,Brazilian to Foreign,2018,"BR, PE",W2906938633,2019,PE,W2999034370
A5036097948,Jorge Luna-Urquizo,Foreign to Brazilian,2019,PE,W2999034370,2019,"BR, PE",W2985684203
A5110645770,Cícero dos Santos,Brazilian to Foreign,2015,BR,W2963682821,2019,US,W2992123140
A5028113608,José V. V. Sobral,Foreign to Brazilian,2017,PT,W2623946715,2017,BR,W2898639880
A5028113608,José V. V. Sobral,Brazilian to Foreign,2018,"BR, PT",W2789456460,2019,PT,W2965899213
A5028113608,José V. V. Sobral,Foreign to Brazilian,2019,PT,W2965899213,2019,BR,W2965865530
A5077977026,Daniel Medeiros,Brazilian to Foreign,2016,"BR, PT",W2547024479,2017,PT,W2763844585
A5085743355,David Fonseca,Brazilian to Foreign,2017,BR,W2737974841,2019,ES,W2962841570
A5006738195,Tony J. G. Apollaro,Brazilian to Foreign,2015,"BR, GB, IT",W3100325039,2019,MT,W2907181618
A5040400443,Simone Paganelli,Brazilian to Foreign,2015,"BR, IT",W3100325039,2019,IT,W2907181618
A5009294734,Romero Morais,Brazilian to Foreign,2016,BR,W2584414757,2017,AU,W2903357707
A5009294734,Romero Morais,Foreign to Brazilian,2017,AU,W2903357707,2019,BR,W2913331367
A5025564604,Luiz G. Hafemann,Brazilian to Foreign,2015,BR,W1640292247,2016,CA,W2342167220
A5078864941,Camilo Sánchez-Ferreira,Brazilian to Foreign,2016,BR,W2473029285,2019,CO,W2948038338
A5064776498,João Pedro Battistella Nadas,Brazilian to Foreign,2016,BR,W2252666247,2019,GB,W2910620670
A5008157234,Terhi Nurmikko-Fuller,Foreign to Brazilian,2017,AU,W2744337380,2018,BR,W2807285274
A5008157234,Terhi Nurmikko-Fuller,Brazilian to Foreign,2018,BR,W2807285274,2019,AU,W2917759141
A5030340411,Arthur Casals,Brazilian to Foreign,2019,"BR, FR",W2946323221,2019,FR,W3006606919
A5045608143,Mario F. Jiménez,Brazilian to Foreign,2017,BR,W2773355908,2019,CO,W2913355522
A5037918139,V. E. Korepin,Brazilian to Foreign,2019,"BR, US",W3103627902,2019,US,W3006026856
A5110828662,Daniel E. Lucani,Brazilian to Foreign,2018,BR,W2910880444,2018,DK,W2898674268
A5080472758,Daniel Lenz,Foreign to Brazilian,2018,US,W2888532099,2019,BR,W2998484021
A5084438704,L. Costa,Brazilian to Foreign,2015,BR,W2006057000,2015,DE,W2285000253
A5084438704,L. Costa,Foreign to Brazilian,2015,DE,W2285000253,2019,BR,W2939902959
A5083567121,Claudio Qureshi,Brazilian to Foreign,2018,BR,W2962754403,2019,UY,W2907606046
A5108437530,Leiv‐J. Gelius,Foreign to Brazilian,2017,NO,W2764142939,2019,BR,W2913963331
A5015627862,Jandson S. Ribeiro,Brazilian to Foreign,2018,BR,W2899380776,2019,AU,W2904743241
A5015627862,Jandson S. Ribeiro,Foreign to Brazilian,2019,AU,W2904743241,2019,"AU, BR",W2966032198
A5008912398,María Itayra Padilha,Brazilian to Foreign,2018,BR,W2955711497,2019,"CO, GB",W2928758588
A5006902322,Rogério Paludo,Foreign to Brazilian,2016,US,W2418208780,2017,BR,W2760772103
A5103227352,Pedro C. S. Costa,Brazilian to Foreign,2018,BR,W2963314503,2019,AU,W2950904769
A5050574476,Antônio Cezar de Castro Lima,Brazilian to Foreign,2015,BR,W2241072069,2018,"IT, JP",W2955514151
A5050574476,Antônio Cezar de Castro Lima,Foreign to Brazilian,2018,"IT, JP",W2955514151,2018,BR,W2904574500
A5055520013,Daniel Y. Takahashi,Foreign to Brazilian,2016,US,W2313153659,2019,BR,W2964500797
A5018132649,Débora Correia Rios,Brazilian to Foreign,2018,"BR, ES",W2902934582,2019,CA,W2953496373
A5018132649,Débora Correia Rios,Foreign to Brazilian,2019,CA,W2953496373,2019,"BR, ES",W2978124588
A5082243235,Katzalin Olcoz,Foreign to Brazilian,2019,ES,W2954478343,2019,BR,W2992104209
A5085641593,Nicolas Nadisic,Brazilian to Foreign,2018,BR,W2888901434,2019,BE,W2955149892
A5046021735,Aurélien Coussat,Brazilian to Foreign,2018,BR,W2888901434,2019,FR,W2955149892
A5009734121,Ricardo Moreno Castillo,Brazilian to Foreign,2017,BR,W2612015434,2019,CL,W2978886556
A5008655520,Luiz Lebensztajn,Brazilian to Foreign,2015,"BR, MZ",W2177009578,2015,PT,W1971321216
A5008655520,Luiz Lebensztajn,Foreign to Brazilian,2015,PT,W1971321216,2016,BR,W2557454392
A5041835378,Ricardo Kehrle Miranda,Brazilian to Foreign,2016,BR,W2547703186,2016,DE,W2584982154
A5041835378,Ricardo Kehrle Miranda,Foreign to Brazilian,2017,DE,W2745095216,2017,"BR, DE",W2582789814
A5009828438,Eliot Maia,Brazilian to Foreign,2016,BR,W2548007815,2019,US,W2976472902
A5000307449,Bruno Olivieri,Brazilian to Foreign,2017,BR,W2754552138,2018,US,W2883148206
A5000307449,Bruno Olivieri,Foreign to Brazilian,2018,US,W2883148206,2019,BR,W2941205480
A5068429374,Pedro Porfírio Muniz Farias,Brazilian to Foreign,2015,BR,W1055495522,2015,GB,W2209448667
A5068429374,Pedro Porfírio Muniz Farias,Foreign to Brazilian,2015,GB,W2209448667,2016,BR,W2580485226
A5031462017,Gustavo C. G. Van Erven,Foreign to Brazilian,2017,AO,W2734417980,2018,BR,W2909820352
A5084142782,Rommel N. Carvalho,Brazilian to Foreign,2017,BR,W2747747587,2017,AO,W2734417980
A5084142782,Rommel N. Carvalho,Foreign to Brazilian,2017,AO,W2734417980,2017,BR,W2783760719
A5084142782,Rommel N. Carvalho,Brazilian to Foreign,2017,BR,W2783760719,2017,MA,W2769822207
A5084142782,Rommel N. Carvalho,Foreign to Brazilian,2017,MA,W2769822207,2017,BR,W2606947178
A5084142782,Rommel N. Carvalho,Brazilian to Foreign,2018,BR,W2789308566,2018,MA,W2887984513
A5084142782,Rommel N. Carvalho,Foreign to Brazilian,2018,MA,W2887984513,2019,BR,W2946984407
A5020444039,Stephen J. Barigye,Brazilian to Foreign,2018,BR,W2900611086,2018,CA,W2781902417
A5051054989,Teresa Martins,Foreign to Brazilian,2017,PT,W2616178602,2019,BR,W2932187505
A5022869533,Eduardo G. da Silva,Foreign to Brazilian,2017,NL,W2571284763,2019,BR,W3011551546
A5036885950,Marcelo Marques Simões de Souza,Foreign to Brazilian,2017,US,W2810619840,2019,BR,W2949442286
A5054670737,Gustavo A. Oliva,Brazilian to Foreign,2016,BR,W2467584898,2017,CA,W2754290558
A5059178617,C. A. Teixeira,Brazilian to Foreign,2017,BR,W2767333859,2019,AU,W2954853409
A5057121950,Marcelo de Castro Fernandes,Brazilian to Foreign,2018,BR,W2789060699,2019,US,W2913983976
A5020471505,Vladimiro Miranda,Brazilian to Foreign,2015,"BR, HR",W2071968364,2015,PT,W2075333645
A5047511546,Thiago R. Raddo,Brazilian to Foreign,2015,BR,W1582291010,2019,NL,W3142736219
A5109861538,Flávio Oquendo,Brazilian to Foreign,2017,BR,W2914643060,2019,FR,W2969075200
A5062640273,Ariadna Capasso,Brazilian to Foreign,2015,BR,W2342361869,2019,US,W2970546511
A5111930228,Ricardo de O. Schmidt,Foreign to Brazilian,2017,NL,W2735802658,2018,BR,W2903228053
A5035088462,Oeslle Lucena,Brazilian to Foreign,2017,BR,W2767473139,2019,GB,W2992438939
A5035088462,Oeslle Lucena,Foreign to Brazilian,2019,GB,W2992438939,2019,"BR, GB",W2962930554
A5073919193,Luca Foschini,Foreign to Brazilian,2016,IT,W2508985710,2017,BR,W2752312958
A5073919193,Luca Foschini,Brazilian to Foreign,2017,BR,W2752312958,2017,IT,W2739700204
A5073220656,César Hernández-Vélez,Brazilian to Foreign,2015,BR,W1762844847,2019,MX,W4288549251
A5107898301,Soraya Maria Ferreira Vieira,Foreign to Brazilian,2017,US,W2781031065,2019,BR,W3002989439
A5044763266,Chang Hung Kiang,Brazilian to Foreign,2018,BR,W2794365806,2019,ES,W2981924607
A5100376772,David Silva,Brazilian to Foreign,2018,BR,W2804189069,2019,PT,W3011753085
A5009763776,Giselle Reis,Foreign to Brazilian,2018,QA,W2898966813,2019,"BR, QA, US",W3100063921
A5058251176,Igor Santos,Foreign to Brazilian,2016,ES,W2388245502,2017,BR,W2786842250
A5013412038,Jerônimo G Grandi,Brazilian to Foreign,2018,BR,W2889276700,2019,US,W2967231839
A5017403245,Cristiane Chaves Gattaz,Brazilian to Foreign,2016,BR,W2310917066,2016,US,W2505577394
A5017403245,Cristiane Chaves Gattaz,Foreign to Brazilian,2016,US,W2505577394,2017,BR,W2613761741
A5017403245,Cristiane Chaves Gattaz,Brazilian to Foreign,2017,BR,W2613761741,2019,US,W2921851925
A5048972305,Mauricio Pérez,Brazilian to Foreign,2018,BR,W2811288179,2019,SG,W2935858441
A5030518914,Antonio Campello,Brazilian to Foreign,2016,BR,W2963747962,2018,GB,W2790986622
A5066892560,Anderson L. Sartor,Brazilian to Foreign,2015,BR,W1957624433,2019,US,W2974172627
A5051827522,Vinicius F. Silva,Brazilian to Foreign,2016,BR,W2334988569,2018,GB,W2898835161
A5051827522,Vinicius F. Silva,Foreign to Brazilian,2018,GB,W2898835161,2019,BR,W2974369678
A5108654291,Fábia Letícia Martins de Andrade,Brazilian to Foreign,2017,BR,W2617951527,2018,PT,W2945822131
A5108654291,Fábia Letícia Martins de Andrade,Foreign to Brazilian,2018,PT,W2945822131,2019,BR,W2981978108
A5001954972,Pedro Victor Silva,Brazilian to Foreign,2018,BR,W2940802649,2019,FR,W2920894342
A5041296561,Rildo Pereira da Silva,Brazilian to Foreign,2016,BR,W2541354586,2019,AR,W2790918105
A5044424693,Licinius Dimitri Sá de Alcântara,Foreign to Brazilian,2016,US,W2573888708,2017,BR,W2767665575
A5031591043,Guillermo Kemper,Foreign to Brazilian,2017,PE,W2598092189,2018,BR,W2804839058
A5031591043,Guillermo Kemper,Brazilian to Foreign,2018,BR,W2804839058,2018,PE,W4246360679
A5065885214,Abel Dueñas,Brazilian to Foreign,2017,BR,W2598092189,2018,PE,W2804839058
A5065885214,Abel Dueñas,Foreign to Brazilian,2018,PE,W2804839058,2018,BR,W4246360679
A5047195954,Suelen de Oliveira Campos,Foreign to Brazilian,2015,MN,W2535222932,2015,BR,W2107693331
A5003760207,Pedro Henrique Almeida Miranda,Brazilian to Foreign,2018,BR,W2808363530,2018,US,W2904733327
A5061488923,Jânio Canuto,Brazilian to Foreign,2016,BR,W2320597648,2016,FR,W2366673916
A5061488923,Jânio Canuto,Foreign to Brazilian,2016,FR,W2366673916,2016,BR,W2567229823
A5076918526,José Abdelnour-Nocera,Foreign to Brazilian,2016,GB,W2549286036,2018,"BR, DK, GB",W2912075291
A5034564787,Rodrigo Wilkens,Brazilian to Foreign,2016,BR,W2576728470,2018,"BE, GB",W4312321441
A5041513457,Augusto B. Corrêa,Brazilian to Foreign,2018,BR,W2802956779,2018,CH,W2807937325
A5087120994,Aline de Oliveira Sampaio,Brazilian to Foreign,2015,BR,W2278921925,2018,CD,W2905767920
A5015313356,Leandro Lisboa Penz,Brazilian to Foreign,2017,BR,W2738775853,2018,IE,W2901503183
A5049409248,Cecil Accetti,Brazilian to Foreign,2016,BR,W2557409653,2018,CN,W2901447767
A5059529956,Mário Gerla,Foreign to Brazilian,2015,US,W2213424325,2015,BR,W1554229566
A5059529956,Mário Gerla,Brazilian to Foreign,2015,BR,W1554229566,2015,US,W1566188381
A5016053641,Pierre Parrend,Brazilian to Foreign,2016,"BR, FR",W2588942002,2018,FR,W2911366054
A5070258335,Tomás Grimm,Brazilian to Foreign,2015,BR,W4234228646,2017,DE,W2738202479
A5043030082,Majid Ali,Foreign to Brazilian,2017,PK,W2787339349,2018,BR,W2788506488
A5107863262,Marina Celly Martins Ribeiro de Souza,Brazilian to Foreign,2018,BR,W2788076275,2018,US,W2795733398
A5002469859,Andrew McLeod,Foreign to Brazilian,2017,GB,W2774585603,2018,BR,W2902175987
A5035620838,Eraldo Ribeiro,Foreign to Brazilian,2017,US,W2621371032,2018,BR,W2806233997
A5052161199,Allan Telles Bessa,Foreign to Brazilian,2015,PT,W2339641876,2018,BR,W2790635975
A5091803208,Edna Santos de Souza,Brazilian to Foreign,2018,BR,W4289234169,2018,"CO, US",W2904058176
A5054837931,José Roberto Ferreira,Brazilian to Foreign,2018,BR,W4289234169,2018,"CO, US",W2904058176
A5058490059,Thiago S. Pereira,Foreign to Brazilian,2017,US,W2736582796,2018,BR,W1517978010
A5008279119,Diego Tomé,Brazilian to Foreign,2017,BR,W2612389039,2018,NL,W2893286691
A5008279119,Diego Tomé,Foreign to Brazilian,2018,NL,W2893286691,2018,"BR, NL",W2798641962
A5035833661,Carmen Lúcia Borges Teixeira Valenti,Foreign to Brazilian,2015,US,W1813783686,2018,BR,W2898472311
A5014006183,Ana Cláudia Carvalho de Miranda,Foreign to Brazilian,2017,PT,W2587648226,2018,BR,W2945945446
A5048033327,Pantelis Vikatos,Brazilian to Foreign,2018,BR,W2898092020,2018,IT,W2963008590
A5027055960,Bruno Carreiro Da Silva,Foreign to Brazilian,2018,US,W2899257757,2018,"BR, US",W2898808884
A5081616735,Catherine M. Burns,Brazilian to Foreign,2015,BR,W2336552378,2018,CA,W2888604130
A5083251715,João N. Rittmeyer,Foreign to Brazilian,2018,NL,W2963577125,2018,BR,W2813269029
A5052288164,Guilherme Sousa Bastos,Brazilian to Foreign,2015,BR,W1942819399,2017,PT,W2767636552
A5052288164,Guilherme Sousa Bastos,Foreign to Brazilian,2017,PT,W2767636552,2017,BR,W2752276380
A5005468748,Johannes Holvitie,Foreign to Brazilian,2017,FI,W2771695621,2018,BR,W2899269256
A5017403407,Rafael G. L. D’Oliveira,Brazilian to Foreign,2018,BR,W4210506075,2018,US,W2963254378
A5077214843,Tiago Cunha,Brazilian to Foreign,2017,"BR, PT",W3180491832,2018,PT,W2811345470
A5063624282,Julio Cesar T. Guimarães,Foreign to Brazilian,2018,GB,W2898835161,2018,BR,W2901603195
A5074125626,Fadhil Firyaguna,Brazilian to Foreign,2015,BR,W1991149038,2018,IE,W2610209575
A5069461037,Felipe Furtado,Foreign to Brazilian,2015,"AT, GB",W2620143137,2016,"BR, GB",W2560077982
A5003111942,Farnaz Moradi,Foreign to Brazilian,2017,SE,W2736719278,2017,"BR, SE",W2783522992
A5003111942,Farnaz Moradi,Brazilian to Foreign,2017,"BR, SE",W2783522992,2018,SE,W2817117707
A5033510514,Pablo Henrique Delmondes,Brazilian to Foreign,2018,BR,W2894552036,2018,GB,W2884965625
A5062318076,Raquel Alves de Oliveira,Brazilian to Foreign,2016,BR,W2507716131,2018,FI,W2892522623
A5062318076,Raquel Alves de Oliveira,Foreign to Brazilian,2018,FI,W2892522623,2018,BR,W2901656961
A5028526827,Bruno M. Barros,Brazilian to Foreign,2018,"BR, FR",W2792268218,2018,FR,W2889569931
A5027235190,Manuela Raposo Rivas,Brazilian to Foreign,2017,BR,W3023056208,2018,ES,W2911479550
A5017332657,Roberto Bomfin,Brazilian to Foreign,2015,BR,W1590066696,2016,DE,W2553481218
A5017332657,Roberto Bomfin,Foreign to Brazilian,2016,DE,W2553481218,2016,BR,W2339304349
A5017332657,Roberto Bomfin,Brazilian to Foreign,2017,BR,W2769889228,2018,DE,W2905761004
A5021988209,Odorico Monteiro,Brazilian to Foreign,2017,BR,W2773654769,2018,US,W2936267525
A5023935116,Rodrigo Costa dos Santos,Foreign to Brazilian,2017,JP,W2774648516,2018,BR,W2898012198
A5074170640,Paula Raissa Silva,Brazilian to Foreign,2017,BR,W2617999303,2018,PT,W2898513030
A5074170640,Paula Raissa Silva,Foreign to Brazilian,2018,PT,W2898513030,2018,BR,W2794943689
A5044733478,Mouenis Anouar Tadlaoui,Brazilian to Foreign,2017,BR,W2769822207,2018,MA,W3000436949
A5044733478,Mouenis Anouar Tadlaoui,Foreign to Brazilian,2018,MA,W3000436949,2018,BR,W2887984513
A5031752065,Mohamed Khaldi,Brazilian to Foreign,2017,BR,W2769822207,2018,MA,W3000436949
A5010148868,Letícia Lopes Leite,Foreign to Brazilian,2018,US,W2965616687,2018,BR,W2799463053
A5043068057,Ananda L. Freire,Brazilian to Foreign,2017,BR,W2754467896,2018,MX,W2898834166
A5043068057,Ananda L. Freire,Foreign to Brazilian,2018,MX,W2898834166,2018,BR,W2904319794
A5037974899,Paulo Hideo Ohtoshi,Foreign to Brazilian,2017,US,W2772619956,2018,BR,W2904020064
A5037347164,Luis Rodrigo Cataldo,Brazilian to Foreign,2016,BR,W4246145779,2018,FR,W4249291892
A5103801087,Marlon F. Alcantara,Brazilian to Foreign,2017,BR,W2765716479,2017,US,W2620570754
A5103801087,Marlon F. Alcantara,Foreign to Brazilian,2017,US,W2620570754,2018,BR,W2811278192
A5027824974,Elcio Abrahão,Brazilian to Foreign,2017,BR,W2780370341,2018,FR,W2893621800
A5108805154,Renzo Phellan,Brazilian to Foreign,2015,BR,W2057539038,2018,CA,W2805783629
A5075023488,Jiaru Lin,Foreign to Brazilian,2016,CN,W2584619340,2017,BR,W2774425917
A5075023488,Jiaru Lin,Brazilian to Foreign,2017,BR,W2774425917,2018,CN,W2791149362
A5105986705,Lásaro Camargos,Brazilian to Foreign,2016,BR,W2395024095,2018,FR,W2887776812
A5047959658,Andréa Huhn,Foreign to Brazilian,2017,US,W2756613656,2018,BR,W2810793409
A5063693603,Maria das Graças Gazel de Souza,Foreign to Brazilian,2015,MY,W2106869278,2018,BR,W2895412579
A5053639773,Gilberto Fernandes,Foreign to Brazilian,2015,PT,W2059679288,2015,BR,W1482557744
A5053639773,Gilberto Fernandes,Brazilian to Foreign,2015,BR,W1482557744,2015,PT,W285122196
A5009584523,Alber Sánchez,Brazilian to Foreign,2016,BR,W2344186514,2017,DE,W2782953508
A5009584523,Alber Sánchez,Foreign to Brazilian,2017,DE,W2782953508,2017,BR,W2621355035
A5036982181,Rodrigo Sávio Pessoa,Brazilian to Foreign,2017,BR,W2617314047,2018,IE,W2906765041
A5021221460,Jose Bratti,Brazilian to Foreign,2017,BR,W2783176370,2018,US,W2903936266
A5021221460,Jose Bratti,Foreign to Brazilian,2018,US,W2903936266,2018,BR,W2904055553
A5084520657,Maria Aparecida de Mesquita Calmon,Brazilian to Foreign,2015,BR,W1876027515,2015,MN,W2535222932
A5084520657,Maria Aparecida de Mesquita Calmon,Foreign to Brazilian,2015,MN,W2535222932,2015,BR,W4300565265
A5054712185,Cleilton Rocha,Brazilian to Foreign,2016,BR,W2519903495,2018,MX,W2898752736
A5072987925,Marcelo Cavaglieri,Foreign to Brazilian,2015,AR,W2146751775,2018,BR,W2891087820
A5013570021,Francisco Gomes de Oliveira Neto,Brazilian to Foreign,2015,BR,W4233594281,2016,SE,W2516271825
A5025064491,Eric Souza,Brazilian to Foreign,2016,BR,W2572557374,2018,PT,W2887633198
A5024538974,Pavel Korshunov,Foreign to Brazilian,2016,CH,W2565961899,2017,BR,W2759701035
A5024538974,Pavel Korshunov,Brazilian to Foreign,2017,BR,W2759701035,2018,CH,W2784942369
A5034588685,Flávio O. Simões,Brazilian to Foreign,2016,BR,W2565961899,2017,CH,W2759701035
A5034588685,Flávio O. Simões,Foreign to Brazilian,2017,CH,W2759701035,2018,BR,W2784942369
A5038095814,Rafael Alves,Foreign to Brazilian,2015,FR,W1970594638,2015,BR,W2291786052
A5030358452,Claudio Lucchese,Brazilian to Foreign,2017,BR,W2597703093,2018,IT,W2886518140
A5034712679,Bernardo José da Silva Estácio,Brazilian to Foreign,2017,BR,W2771986571,2018,PT,W2888176143
A5068626573,Luis F. Muñoz-Martínez,Brazilian to Foreign,2018,"BR, CO",W2792630391,2018,CO,W2809688135
A5034525142,A. S. Villar,Brazilian to Foreign,2015,BR,W2232278769,2017,US,W2295877749
A5034276430,Fernando Wanderley,Foreign to Brazilian,2017,PT,W2618024932,2018,BR,W2907025024
A5024269411,Paulo A. M. Oliveira,Brazilian to Foreign,2016,BR,W2343570601,2017,DE,W2599057002
A5103254765,Cornelius T. Healy,Brazilian to Foreign,2015,BR,W1823894489,2016,GB,W2410784859
A5103254765,Cornelius T. Healy,Foreign to Brazilian,2016,GB,W2410784859,2018,BR,W2790911473
A5048216582,Nigini Oliveira,Brazilian to Foreign,2016,"BR, US",W2538723194,2018,US,W2899410767
A5048188209,Ricardo Ferreira,Foreign to Brazilian,2017,PT,W2604342324,2017,BR,W2765154765
A5102956765,João Lourenço,Brazilian to Foreign,2015,"BR, PT",W1971321216,2018,PT,W2806470428
A5061462798,Ivan O. Nunes,Brazilian to Foreign,2017,BR,W2963298867,2018,US,W2783451678
A5058924918,Camilo Cáceres,Brazilian to Foreign,2015,BR,W1990805281,2016,CO,W2499008057
A5058924918,Camilo Cáceres,Foreign to Brazilian,2016,CO,W2499008057,2017,BR,W2739049550
A5109424634,Kátia de Oliveira Simões,Brazilian to Foreign,2016,BR,W2584768317,2017,IT,W2770885730
A5101046143,Fábia Luanna Leite Siqueira Mendes Santos,Brazilian to Foreign,2017,BR,W2912953382,2017,PT,W2776241287
A5014546797,Cibele Soares da Silva Costa,Brazilian to Foreign,2017,"BR, US",W2753123649,2017,"KR, NL, SS, US",W2766646431
A5053585564,Tânia Maria de Carvalho,Foreign to Brazilian,2016,ES,W2593321689,2017,BR,W2754104814
A5007090019,Gert de Cooman,Brazilian to Foreign,2015,"BE, BR",W2167096246,2017,BE,W2741491283
A5052699188,Jasper De Bock,Brazilian to Foreign,2015,"BE, BR",W2167096246,2017,BE,W2741491283
A5100914443,Alejandro José Cabrera,Foreign to Brazilian,2016,CU,W2483007198,2017,BR,W2766934278
A5034865990,Rômulo Gonçalves Lins,Foreign to Brazilian,2015,CA,W2191663896,2016,BR,W2461471371
A5011064918,Ali Hammad,Foreign to Brazilian,2017,GB,W2771680854,2017,BR,W2768181708
A5050693222,Ana Carolina Araujo Kuhn,Brazilian to Foreign,2017,BR,W2750844684,2017,PT,W4231153645
A5082834230,U. John Tanik,Brazilian to Foreign,2016,BR,W2505577394,2017,US,W2613761741
A5000615009,Murat M. Tanik,Brazilian to Foreign,2016,BR,W2505577394,2017,US,W2613761741
A5064585051,Fuad Gattaz Sobrinho,Foreign to Brazilian,2016,US,W2505577394,2017,BR,W2613761741
A5026365244,Humberto Remigio Gamba,Brazilian to Foreign,2016,BR,W2517731241,2016,US,W2574947038
A5026365244,Humberto Remigio Gamba,Foreign to Brazilian,2016,US,W2574947038,2017,BR,W2600267359
A5090684336,Leticia M. Seijas,Brazilian to Foreign,2015,"AR, BR",W2303949857,2017,AR,W2586515748
A5050583872,George D. Magoulas,Foreign to Brazilian,2017,GB,W2767884851,2017,BR,W2775330975
A5050380937,Michel Cukier,Brazilian to Foreign,2015,BR,W2245057813,2016,US,W4230779993
A5015378944,Andrea Valdés-Hernández,Brazilian to Foreign,2015,BR,W1985733488,2017,MX,W2734361773
A5072342207,Pierre‐Alexandre Bliman,Foreign to Brazilian,2016,FR,W2531583943,2017,BR,W2572757474
A5011277020,Gabriele Pulcini,Brazilian to Foreign,2016,BR,W2465968278,2017,PT,W2620584519
A5006524485,Jan-Erik Mångs,Brazilian to Foreign,2016,BR,W2584577256,2017,SE,W2620711927
A5071614186,Eduardo R. Mucciolo,Brazilian to Foreign,2017,BR,W2415404735,2017,US,W2608727997
A5066847550,Felipe Rodrigues Martinêz Basile,Foreign to Brazilian,2016,CO,W2301542906,2017,BR,W2777083633
A5033472437,Daniel Rodríguez,Foreign to Brazilian,2016,ES,W2566330246,2017,BR,W2602010982
A5080569388,Luciano Gois,Brazilian to Foreign,2016,BR,W2566330246,2017,ES,W2602010982
A5026435756,Franco Maloberti,Brazilian to Foreign,2016,"BR, CA, ES, FR, IT, US",W4241818016,2017,IT,W4301509430
A5061924587,Yong Lian,Brazilian to Foreign,2016,"BR, CA, ES, FR, IT, US",W4241818016,2017,CA,W4301509430
A5062714455,Gianluca Setti,Brazilian to Foreign,2016,"BR, CA, ES, FR, IT, US",W4241818016,2017,IT,W4301509430
A5085715434,Chang Chen,Brazilian to Foreign,2016,"BR, CA, ES, FR, IT, US",W4241818016,2017,US,W4301509430
A5021923749,Amara Amara,Brazilian to Foreign,2016,"BR, CA, ES, FR, IT, US",W4241818016,2017,FR,W4301509430
A5070369437,Miquel Garrich,Brazilian to Foreign,2017,BR,W2773245369,2017,IT,W2594265554
A5012723553,Antônio Albino Canelas Rubim,Brazilian to Foreign,2017,BR,W4247807893,2017,AR,W2765405777
A5030175335,Luciana Vago Matieli,Brazilian to Foreign,2016,BR,W2625968307,2017,CH,W2615848934
A5049148461,Edward A. Fox,Brazilian to Foreign,2017,BR,W2740614839,2017,US,W4238130374
A5042918618,Filipo Novo Mór,Foreign to Brazilian,2015,CA,W1676876603,2016,BR,W2585452870
A5070284079,Bruce H. Thomas,Brazilian to Foreign,2016,BR,W2583993478,2017,AU,W2772885111
A5090678105,Heydi Miura Machado,Foreign to Brazilian,2017,US,W2772130947,2017,BR,W2772964634
A5015237816,Julián Esteban Gutiérrez Posada,Brazilian to Foreign,2016,"BR, CO",W2619945149,2017,CO,W2715180370
A5066181785,Santiago Franco,Brazilian to Foreign,2016,BR,W2574105631,2017,GB,W2624327877
A5059381700,João Correia Lopes,Brazilian to Foreign,2015,BR,W3036103682,2017,PT,W2571387958
A5066097635,Victor Maus,Brazilian to Foreign,2016,"BR, DE",W2344186514,2017,AT,W2621355035
A5066045538,Pedro Senna,Brazilian to Foreign,2015,BR,W1942819399,2017,PT,W2767636552
A5060959780,Wilson A. Higashino,Brazilian to Foreign,2015,"BR, CA",W2178638082,2016,CA,W2521682114
A5060959780,Wilson A. Higashino,Foreign to Brazilian,2016,CA,W2521682114,2016,"BR, CA",W2471272969
A5060959780,Wilson A. Higashino,Brazilian to Foreign,2016,"BR, CA",W2471272969,2017,CA,W2773258545
A5067506984,Anselmo Ferreira,Brazilian to Foreign,2016,BR,W2495944923,2017,CN,W2606661584
A5000454719,Tiago Oliveira Cunha,Foreign to Brazilian,2016,QA,W2337230961,2017,BR,W2576788864
A5088354004,Péricles Alves,Brazilian to Foreign,2016,BR,W2229500423,2017,US,W2619305731
A5078693344,André Machado Caldeira,Foreign to Brazilian,2015,JP,W2146418760,2016,BR,W2477625571
A5078693344,André Machado Caldeira,Brazilian to Foreign,2016,BR,W2477625571,2016,JP,W2501664927
A5020680196,Roger A. Leite,Brazilian to Foreign,2016,BR,W2512402750,2017,AT,W2746779550
A5002338165,Rosario Lo Franco,Brazilian to Foreign,2015,"BR, GB, IT",W794319421,2017,IT,W2580837015
A5045263809,Diomara Martins Reigato Barros,Foreign to Brazilian,2016,US,W2486790799,2017,BR,W2772914569
A5029657515,Norman Poh,Brazilian to Foreign,2015,BR,W1670591676,2017,GB,W2743722985
A5059038905,Hans Rolf Külitz,Foreign to Brazilian,2015,US,W1604113389,2017,BR,W2617252802
A5049190676,Benoît Rivard,Foreign to Brazilian,2016,CA,W2314681726,2017,"BR, CA, NL",W2746802773
A5044212645,R. Meucci,Foreign to Brazilian,2015,IT,W1158860948,2015,"BR, IT",W2057790868
A5044212645,R. Meucci,Brazilian to Foreign,2015,"BR, IT",W2057790868,2017,IT,W2746367002
A5044212645,R. Meucci,Foreign to Brazilian,2017,IT,W2746367002,2017,BR,W2773588894
A5070287775,Luciene Patrici Papa,Brazilian to Foreign,2015,BR,W2017118179,2016,US,W2404437614
A5070287775,Luciene Patrici Papa,Foreign to Brazilian,2016,US,W2404437614,2017,BR,W2763912702
A5109066626,Bernard Espinasse,Brazilian to Foreign,2015,BR,W2240544104,2017,FR,W2762444032
A5053208320,Gabriel Costa Silva,Foreign to Brazilian,2015,GB,W2285823148,2017,BR,W2760511410
A5067247552,Carlos Lima,Foreign to Brazilian,2015,PT,W2049208453,2017,"BR, ES",W3007532137
A5065834500,Ingrid Maria Paes Jorge Medeiros,Brazilian to Foreign,2016,BR,W2992518164,2017,ZM,W2777872811
A5020354604,Venu Govindaraju,Foreign to Brazilian,2015,US,W4251989259,2017,"BR, US",W2605450341
A5014562204,Hang Ruan,Foreign to Brazilian,2015,GB,W2221459068,2016,"BR, GB",W2518707116
A5014562204,Hang Ruan,Brazilian to Foreign,2016,"BR, GB",W2518707116,2016,GB,W2413693026
A5063990978,Natália Pedroza de Souza,Foreign to Brazilian,2015,PT,W4303077278,2017,BR,W2620634096
A5103346373,John‐Jules Ch. Meyer,Brazilian to Foreign,2015,BR,W2282567705,2016,NL,W2590834221
A5004513575,Vera Lúcia de Araújo Nogueira Lima,Foreign to Brazilian,2015,PT,W2335740940,2016,BR,W2944966721
A5054018550,Ivan Oliveira Lopes,Foreign to Brazilian,2016,PT,W2945523812,2016,BR,W2561712776
A5061946691,Randerson Araújo de Lemos,Brazilian to Foreign,2015,BR,W4246367871,2016,EC,W4407191455
A5110494708,Olmer García,Brazilian to Foreign,2015,BR,W4246367871,2016,CO,W4407191455
A5072544870,Alberto Simões,Foreign to Brazilian,2015,PT,W2280661748,2015,"BR, DE, PT, US",W2259090082
A5072544870,Alberto Simões,Brazilian to Foreign,2015,"BR, DE, PT, US",W2259090082,2016,PT,W2527772224
A5102784382,José Geraldo de Oliveira,Brazilian to Foreign,2015,BR,W1709075990,2016,ES,W2796266520
A5102784382,José Geraldo de Oliveira,Foreign to Brazilian,2016,ES,W2796266520,2016,"BR, ES",W2570549586
A5002127338,Andrew Rau‐Chaplin,Foreign to Brazilian,2015,CA,W2306716055,2015,BR,W1676876603
A5002127338,Andrew Rau‐Chaplin,Brazilian to Foreign,2015,BR,W1676876603,2016,CA,W2538296669
A5111661102,Clênio F. Salviano,Brazilian to Foreign,2015,BR,W2530146647,2015,US,W2025109232
A5111661102,Clênio F. Salviano,Foreign to Brazilian,2015,US,W2025109232,2016,BR,W2613422466
A5041963218,Lucas Fonseca Navarro,Foreign to Brazilian,2016,US,W2583738779,2016,BR,W2340083270
A5023586688,Sigmundo Preissler,Brazilian to Foreign,2016,"BR, IT",W2513191244,2016,IT,W2542819022
A5082111165,Carlos Cardonha,Brazilian to Foreign,2015,BR,W2293361367,2015,US,W2004733468
A5082111165,Carlos Cardonha,Foreign to Brazilian,2015,US,W2004733468,2016,BR,W2575341437
A5089812166,Luís Paulo Reis,Brazilian to Foreign,2015,BR,W1511008244,2016,PT,W2270972035
A5031282560,Julio C. S. Jacques,Brazilian to Foreign,2016,BR,W2416873145,2016,ES,W2400551023
A5058720564,Valdiney José da Silva,Brazilian to Foreign,2016,BR,W2510705201,2016,NL,W2277741206
A5065440867,Cláudio Ricardo da Silva,Brazilian to Foreign,2016,BR,W2510705201,2016,NL,W2277741206
A5072323308,Lyno Henrique G. Ferraz,Foreign to Brazilian,2015,FR,W2323665256,2016,BR,W2547064279
A5030966195,Guilherme C. Januário,Brazilian to Foreign,2015,BR,W1521896467,2016,US,W2564509292
A5058361568,Pedro Minatel,Foreign to Brazilian,2016,KR,W4301110880,2016,BR,W2608663473
A5056532284,Breno B. Silva,Foreign to Brazilian,2016,KR,W4301110880,2016,BR,W2608663473
A5077559749,Felipe Boeira,Foreign to Brazilian,2016,KR,W4301110880,2016,BR,W2608663473
A5101583798,Carlos Lucena,Foreign to Brazilian,2015,ES,W2042341277,2016,BR,W2563032765
A5112227081,Mikhail Y. R. Gadelha,Brazilian to Foreign,2015,BR,W2179309410,2016,GB,W2401213703
A5036501061,Caio Araujo T. Campos,Brazilian to Foreign,2015,BR,W2289736896,2016,US,W2507606486
A5075993594,Markus Eisenhauer,Brazilian to Foreign,2015,BR,W2079473602,2016,DE,W2587365246
A5077810924,André Maximo,Brazilian to Foreign,2015,BR,W2175221174,2016,US,W2556059441
A5036424460,Ricardo G. Martini,Brazilian to Foreign,2015,BR,W2284312406,2016,PT,W2507793610
A5064153596,Silvia Lameri,Foreign to Brazilian,2015,IT,W2294001023,2016,BR,W2575485938
A5074544417,Ana Margarida Veiga Simão,Foreign to Brazilian,2015,PT,W2299697401,2015,"BR, ES",W2245967536
A5100432776,Peng Li,Foreign to Brazilian,2015,CN,W1688573150,2015,"BR, GB",W2070209186
A5030456517,Tadeu Matos Nunes,Brazilian to Foreign,2015,BR,W1055495522,2015,GB,W2209448667
A5014943203,Márcia de Oliveira,Foreign to Brazilian,2015,MN,W3036423607,2015,BR,W3011448141
A5044438667,Arkady Pikovsky,Foreign to Brazilian,2015,DE,W2092376277,2015,"BR, DE, RU",W3103686468
A5049110614,Kênya Lima de Araújo,Foreign to Brazilian,2015,IT,W2257470347,2015,BR,W2253455810
A5077123826,Luana Carla de Moura dos Santos,Foreign to Brazilian,2015,AT,W1576707934,2015,BR,W1885729001
A5047723296,Elena Gerstmann,Brazilian to Foreign,2015,BR,W4251989259,2015,US,W4247290662
A5013031722,Владимир Власов,Foreign to Brazilian,2015,DE,W2963747052,2015,"BR, DE, RU",W3103686468
A5032756987,Harald Bucher,Brazilian to Foreign,2015,BR,W2285000253,2015,DE,W1996984607
A5065820755,Helder F. A. Oliveira,Foreign to Brazilian,2015,DE,W2285000253,2015,BR,W1996984607
A5100458038,Yu-Jiang Wu,Brazilian to Foreign,2015,"BR, CN",W2078508556,2015,CN,W2012413079
